original,Date,Open,High,Low,Close,Adj Close,Volume
20140124,2014-01-24,19,19.5,18.5,18.8,14.2723,8417060
20140127,2014-01-27,18.7,18.8,18.1,18.4,13.9686,3240910
20140206,2014-02-06,18.2,18.3,17.6,17.6,13.3613,959590
20140207,2014-02-07,17.4,17.5,16.5,16.6,12.6021,2987600
20140210,2014-02-10,16.5,17.2,16.2,17,12.9058,4052090
20140211,2014-02-11,17.2,17.2,16.9,16.9,12.8299,1938480
20140212,2014-02-12,16.8,16.9,16.7,16.8,12.754,1176180
20140213,2014-02-13,16.8,16.9,16.6,16.6,12.6021,2156140
20140214,2014-02-14,16.8,17,16.6,16.8,12.754,1489380
20140217,2014-02-17,16.9,16.9,16.6,16.7,12.6781,1173560
20140218,2014-02-18,16.7,16.7,16.6,16.6,12.6021,1861540
20140219,2014-02-19,16.7,16.8,16.5,16.6,12.6021,2988120
20140220,2014-02-20,16.7,17.2,16.6,16.9,12.8299,3243650
20140221,2014-02-21,16.8,16.8,16.7,16.7,12.6781,903040
20140224,2014-02-24,16.8,16.8,16.6,16.7,12.6781,833430
20140225,2014-02-25,16.6,16.7,16.5,16.7,12.6781,1249150
20140226,2014-02-26,16.7,16.9,16.6,16.7,12.6781,1399670
20140227,2014-02-27,16.7,17.4,16.7,16.9,12.8299,3731900
20140228,2014-02-28,16.8,17,16.8,17,12.9058,1154560
20140303,2014-03-03,16.9,17,16.7,16.7,12.6781,954830
20140304,2014-03-04,16.6,16.7,16.5,16.6,12.6021,1551740
20140305,2014-03-05,16.7,16.8,16.6,16.6,12.6021,737090
20140306,2014-03-06,16.6,16.7,16.5,16.6,12.6021,768340
20140307,2014-03-07,16.6,16.7,16.6,16.6,12.6021,773450
20140310,2014-03-10,16.6,16.8,16.6,16.7,12.6781,957770
20140311,2014-03-11,16.6,16.7,16.6,16.6,12.6021,752790
20140312,2014-03-12,16.6,16.7,16.5,16.5,12.5262,979430
20140313,2014-03-13,16.6,16.6,16.4,16.5,12.5262,806950
20140314,2014-03-14,16.6,16.7,16.4,16.6,12.6021,924510
20140317,2014-03-17,16.6,16.7,16.5,16.6,12.6021,989350
20140318,2014-03-18,16.6,16.9,16.5,16.8,12.754,2171570
20140319,2014-03-19,16.9,17.4,16.9,17.4,13.2095,5624790
20140320,2014-03-20,17.5,18,17.5,17.7,13.4372,3325420
20140321,2014-03-21,17.5,17.8,17.5,17.5,13.2854,1236010
20140324,2014-03-24,17.7,18,17.6,17.6,13.3613,2498010
20140325,2014-03-25,17.7,17.7,17.2,17.2,13.0576,2051430
20140326,2014-03-26,17.3,17.3,16.7,16.8,12.754,2030920
20140327,2014-03-27,16.9,16.9,16.7,16.8,12.754,1026180
20140328,2014-03-28,16.8,17,16.8,17,12.9058,713160
20140331,2014-03-31,17.1,17.1,16.8,16.8,12.754,831760
20140401,2014-04-01,16.9,16.9,16.6,16.7,12.6781,1701600
20140402,2014-04-02,16.7,16.8,16.5,16.7,12.6781,1217110
20140403,2014-04-03,16.7,16.9,16.6,16.8,12.754,519700
20140404,2014-04-04,16.9,16.9,16.7,16.9,12.8299,608360
20140407,2014-04-07,16.8,16.9,16.7,16.8,12.754,441790
20140408,2014-04-08,16.8,16.9,16.7,16.7,12.6781,515610
20140410,2014-04-10,16.7,16.8,16.7,16.7,12.6781,485550
20140411,2014-04-11,16.6,16.7,16.5,16.6,12.6021,670380
20140414,2014-04-14,16.7,16.8,16.6,16.7,12.6781,414100
20140415,2014-04-15,16.6,16.7,16.5,16.5,12.5262,480360
20140416,2014-04-16,16.5,16.5,15.8,16,12.1466,1065090
20140417,2014-04-17,16,16.4,16,16.1,12.2226,681040
20140418,2014-04-18,16.1,16.2,15.9,15.9,12.0707,763370
20140421,2014-04-21,15.9,15.9,15.4,15.5,11.7671,565920
20140422,2014-04-22,15.4,15.8,15.3,15.8,11.9948,529160
20140423,2014-04-23,15.9,15.9,15.6,15.8,11.9948,217960
20140424,2014-04-24,15.7,15.9,15.7,15.9,12.0707,288090
20140425,2014-04-25,15.7,16,15.7,15.7,11.9189,516240
20140428,2014-04-28,15.7,15.8,15.6,15.7,11.9189,336220
20140429,2014-04-29,15.7,15.8,15.7,15.8,11.9948,202970
20140505,2014-05-05,15.9,15.9,15.5,15.6,11.843,301760
20140506,2014-05-06,15.5,15.6,15.1,15.2,11.5393,479520
20140507,2014-05-07,15.2,15.6,15.2,15.5,11.7671,274120
20140508,2014-05-08,15.3,15.3,14.5,14.6,11.0838,1515840
20140509,2014-05-09,14.4,14.8,14.4,14.8,11.2356,308830
20140512,2014-05-12,14.7,14.7,13.8,14,10.6283,520700
20140513,2014-05-13,14,14.2,13.5,14.1,10.7042,695610
20140514,2014-05-14,14,14.8,14,14.7,11.1597,473470
20140515,2014-05-15,14.8,14.8,13.9,14.2,10.7801,636940
20140516,2014-05-16,14.2,14.6,14.1,14.6,11.0838,333670
20140519,2014-05-19,14.4,14.7,14.4,14.5,11.0079,357580
20140520,2014-05-20,14.5,14.7,14.4,14.7,11.1597,181780
20140521,2014-05-21,14.6,15,14.4,14.9,11.3116,604540
20140522,2014-05-22,14.9,14.9,14.6,14.6,11.0838,233070
20140523,2014-05-23,14.7,14.7,14.5,14.7,11.1597,163360
20140526,2014-05-26,14.5,14.7,14.5,14.6,11.0838,103450
20140527,2014-05-27,14.6,15,14.6,15,11.3875,445140
20140528,2014-05-28,15,15,14.8,14.9,11.3116,404820
20140529,2014-05-29,14.8,15,14.8,14.9,11.3116,423040
20140530,2014-05-30,14.8,14.9,14.7,14.8,11.2356,192420
20140602,2014-06-02,14.8,14.8,14.5,14.6,11.0838,278960
20140603,2014-06-03,14.5,14.7,14.5,14.5,11.0079,168500
20140604,2014-06-04,14.5,14.6,14.3,14.5,11.0079,157450
20140605,2014-06-05,14.5,14.5,14.3,14.5,11.0079,54870
20140606,2014-06-06,14.4,14.6,14.4,14.6,11.0838,91870
20140609,2014-06-09,14.6,14.7,14.4,14.5,11.0079,162110
20140610,2014-06-10,14.5,14.8,14.4,14.7,11.1597,216450
20140611,2014-06-11,14.7,14.7,14.5,14.7,11.1597,361280
20140612,2014-06-12,14.7,14.9,14.7,14.9,11.3116,454450
20140613,2014-06-13,14.8,15,14.7,14.9,11.3116,507030
20140616,2014-06-16,14.9,15,14.8,14.9,11.3116,343780
20140617,2014-06-17,14.9,15,14.8,14.9,11.3116,241630
20140618,2014-06-18,14.9,15,14.8,14.9,11.3116,427080
20140619,2014-06-19,14.8,14.9,14.6,14.9,11.3116,310390
20140620,2014-06-20,14.8,14.9,14.7,14.7,11.1597,136260
20140623,2014-06-23,14.7,14.9,14.7,14.9,11.3116,210760
20140624,2014-06-24,14.8,15,14.8,15,11.3875,317550
20140625,2014-06-25,14.9,15,14.8,15,11.3875,282130
20140626,2014-06-26,14.9,15.3,14.8,15.1,11.4634,561760
20140627,2014-06-27,15,15.2,15,15.2,11.5393,295440
20140630,2014-06-30,15.2,15.2,15,15.2,11.5393,259480
20140701,2014-07-01,15.1,15.1,15,15.1,11.4634,375930
20140702,2014-07-02,15.1,15.3,15,15.2,11.5393,650420
20140703,2014-07-03,15.2,15.3,15.1,15.2,11.5393,391260
20140704,2014-07-04,15.2,15.2,15.1,15.2,11.5393,206750
20140707,2014-07-07,15.1,15.2,15,15,11.3875,252570
20140708,2014-07-08,15,15.1,14.8,14.8,11.2356,284940
20140709,2014-07-09,14.9,15.1,14.8,15,11.3875,304900
20140710,2014-07-10,15,15,14.8,14.8,11.2356,344960
20140711,2014-07-11,14.9,14.9,14.8,14.9,11.3116,117230
20140714,2014-07-14,14.8,14.9,14.7,14.8,11.2356,82990
20140715,2014-07-15,14.8,14.9,14.7,14.9,11.3116,355370
20140716,2014-07-16,15,15,14.9,14.9,11.3116,356200
20140717,2014-07-17,14.9,15,14.8,14.9,11.3116,103650
20140718,2014-07-18,15,15,14.9,15,11.3875,347570
20140721,2014-07-21,14.9,15,14.8,14.9,11.3116,126260
20140722,2014-07-22,14.8,14.9,14.7,14.8,11.2356,95750
20140723,2014-07-23,14.9,14.9,14.7,14.7,11.1597,142650
20140724,2014-07-24,14.7,14.9,14.7,14.8,11.2356,185940
20140725,2014-07-25,14.8,15.7,14.8,15.3,11.6152,1736770
20140728,2014-07-28,15.3,15.4,15.1,15.3,11.6152,450520
20140729,2014-07-29,15.4,15.4,15.1,15.1,11.4634,242380
20140730,2014-07-30,15.1,15.4,15,15.2,11.5393,1349570
20140731,2014-07-31,15.2,15.3,15.1,15.2,11.5393,356880
20140801,2014-08-01,15.2,15.4,15.2,15.3,11.6152,406370
20140804,2014-08-04,15.3,15.8,15.3,15.7,11.9189,1466890
20140805,2014-08-05,15.7,15.8,15.6,15.7,11.9189,730130
20140806,2014-08-06,15.7,15.7,15.5,15.6,11.843,278630
20140807,2014-08-07,15.5,15.7,15.5,15.6,11.843,603770
20140808,2014-08-08,15,15,14.6,14.8,11.8828,899050
20140811,2014-08-11,14.7,14.8,14.5,14.5,11.6419,256040
20140812,2014-08-12,14.5,14.5,14.3,14.4,11.5617,252780
20140813,2014-08-13,14.3,14.5,14.2,14.5,11.6419,329460
20140814,2014-08-14,14.4,14.6,14.3,14.3,11.4814,261390
20140815,2014-08-15,14.4,14.4,14.2,14.2,11.4011,202100
20140818,2014-08-18,14.1,14.2,13.8,13.9,11.1602,721730
20140819,2014-08-19,13.9,14,13.9,13.9,11.1602,343930
20140820,2014-08-20,13.9,14,13.9,14,11.2405,370800
20140821,2014-08-21,14.1,14.2,13.9,14.2,11.4011,475540
20140822,2014-08-22,14.2,14.2,13.9,13.9,11.1602,585500
20140825,2014-08-25,14,14,13.9,13.9,11.1602,313870
20140826,2014-08-26,14,14.1,13.9,14.1,11.3208,367320
20140827,2014-08-27,14.1,14.1,13.9,13.9,11.1602,227180
20140828,2014-08-28,13.9,14,13.9,14,11.2405,202330
20140829,2014-08-29,14,14.9,13.9,14.9,11.9631,2090500
20140903,2014-09-03,14.9,15.1,14.6,14.7,11.8025,593880
20140904,2014-09-04,14.6,14.8,14.4,14.5,11.6419,390050
20140905,2014-09-05,14.4,14.5,14.2,14.4,11.5617,739480
20140908,2014-09-08,14.4,14.4,14.2,14.2,11.4011,846120
20140909,2014-09-09,14.2,14.3,14,14.2,11.4011,399870
20140910,2014-09-10,14.1,14.2,14,14.1,11.3208,252240
20140911,2014-09-11,14.2,14.2,14,14.1,11.3208,209860
20140912,2014-09-12,14.1,14.2,14,14.1,11.3208,250500
20140915,2014-09-15,14.1,14.2,13.9,14,11.2405,392500
20140916,2014-09-16,14,14,13.8,13.9,11.1602,473890
20140917,2014-09-17,13.9,14,13.8,13.9,11.1602,434550
20140918,2014-09-18,14,14,13.8,13.9,11.1602,221490
20140919,2014-09-19,13.9,14,13.8,13.9,11.1602,225530
20140922,2014-09-22,13.9,14,13.8,13.8,11.0799,354320
20140923,2014-09-23,13.8,13.9,13.7,13.8,11.0799,269030
20140924,2014-09-24,13.8,13.9,13.7,13.7,10.9996,206180
20140925,2014-09-25,13.8,14,13.7,13.9,11.1602,335400
20140926,2014-09-26,13.9,14,13.8,13.8,11.0799,97740
20140929,2014-09-29,13.8,14,13.8,13.9,11.1602,368070
20140930,2014-09-30,13.9,13.9,13.7,13.8,11.0799,230550
20141001,2014-10-01,13.8,13.9,13.8,13.8,11.0799,250860
20141002,2014-10-02,13.8,13.9,13.8,13.9,11.1602,343140
20141003,2014-10-03,13.9,14,13.8,13.9,11.1602,108820
20141006,2014-10-06,13.9,13.9,13.8,13.9,11.1602,288640
20141007,2014-10-07,13.9,13.9,13.8,13.8,11.0799,258270
20141008,2014-10-08,13.8,13.8,13.6,13.7,10.9996,669460
20141009,2014-10-09,13.7,13.8,13.6,13.7,10.9996,433470
20141010,2014-10-10,13.7,13.7,13.6,13.6,10.9193,423660
20141013,2014-10-13,13.7,13.7,13.4,13.5,10.8391,302560
20141014,2014-10-14,13.6,13.6,13.3,13.3,10.6785,257940
20141015,2014-10-15,13.3,13.4,13.2,13.3,10.6785,272660
20141016,2014-10-16,13.3,13.4,13.1,13.1,10.5179,221660
20141017,2014-10-17,13.1,13.2,12.9,13.1,10.5179,414390
20141020,2014-10-20,13.2,13.2,13,13.2,10.5982,100900
20141021,2014-10-21,13.1,13.2,13.1,13.2,10.5982,155550
20141022,2014-10-22,13.2,13.3,13.1,13.2,10.5982,159840
20141023,2014-10-23,13.2,13.2,13,13.1,10.5179,311540
20141024,2014-10-24,13,13.2,13,13,10.4376,127540
20141027,2014-10-27,12.9,13,12.6,12.6,10.1164,353810
20141028,2014-10-28,12.6,12.7,12.6,12.7,10.1967,299750
20141029,2014-10-29,12.7,12.9,12.7,12.8,10.277,189190
20141030,2014-10-30,12.9,12.9,12.7,12.8,10.277,69700
20141031,2014-10-31,12.8,13.5,12.7,13.5,10.8391,372750
20141103,2014-11-03,13.4,13.5,13.2,13.2,10.5982,419180
20141104,2014-11-04,13.2,13.2,13,13,10.4376,109060
20141105,2014-11-05,13,13.1,12.9,12.9,10.3573,133390
20141106,2014-11-06,13,13.2,13,13.1,10.5179,237440
20141107,2014-11-07,13.1,13.2,13,13.1,10.5179,148180
20141110,2014-11-10,13.1,13.2,13.1,13.1,10.5179,113490
20141111,2014-11-11,13.1,13.2,13,13,10.4376,116250
20141112,2014-11-12,13.1,13.1,13,13,10.4376,124110
20141113,2014-11-13,13.1,13.2,13,13.2,10.5982,139390
20141114,2014-11-14,13.2,13.2,13,13,10.4376,223700
20141117,2014-11-17,13.2,13.2,13,13.2,10.5982,258110
20141118,2014-11-18,13,13.2,13,13.1,10.5179,244260
20141119,2014-11-19,13,13.1,13,13.1,10.5179,104150
20141120,2014-11-20,13.1,13.1,13,13,10.4376,140250
20141121,2014-11-21,13,13.1,13,13,10.4376,347440
20141124,2014-11-24,13,13,12.8,12.9,10.3573,202960
20141125,2014-11-25,12.9,13,12.9,12.9,10.3573,150970
20141126,2014-11-26,12.9,13,12.8,12.8,10.277,274110
20141127,2014-11-27,12.8,12.8,12.6,12.7,10.1967,361890
20141128,2014-11-28,12.7,12.8,12.7,12.7,10.1967,188610
20141201,2014-12-01,12.7,12.9,12.7,12.9,10.3573,97520
20141202,2014-12-02,12.9,13.1,12.7,13.1,10.5179,495640
20141203,2014-12-03,13,13.1,12.9,13.1,10.5179,213520
20141204,2014-12-04,13.1,13.6,13,13.3,10.6785,801550
20141205,2014-12-05,13.3,13.5,13.2,13.4,10.7588,434010
20141208,2014-12-08,13.4,13.4,13.2,13.2,10.5982,220750
20141209,2014-12-09,13.2,13.2,12.8,12.9,10.3573,428590
20141210,2014-12-10,12.9,13.2,12.7,13,10.4376,458660
20141211,2014-12-11,13,13.2,12.9,13.1,10.5179,310500
20141212,2014-12-12,13.1,13.3,13.1,13.1,10.5179,188780
20141215,2014-12-15,13.1,13.2,13.1,13.1,10.5179,124110
20141216,2014-12-16,13,13.1,12.9,12.9,10.3573,197950
20141217,2014-12-17,12.8,13,12.5,12.7,10.1967,373740
20141218,2014-12-18,12.8,12.9,12.7,12.9,10.3573,72360
20141219,2014-12-19,12.9,13,12.7,12.9,10.3573,51430
20141222,2014-12-22,12.9,13.2,12.9,13.1,10.5179,364470
20141223,2014-12-23,13.1,13.2,13,13.1,10.5179,146840
20141224,2014-12-24,13,13.1,12.9,13,10.4376,92620
20141225,2014-12-25,12.9,13,12.8,13,10.4376,102730
20141226,2014-12-26,13,13,12.8,12.8,10.277,84170
20141229,2014-12-29,12.9,13,12.7,12.7,10.1967,86380
20141230,2014-12-30,12.7,12.9,12.7,12.9,10.3573,128410
20141231,2014-12-31,12.9,13.1,12.7,12.7,10.1967,214120
20150105,2015-01-05,12.9,13,12.9,12.9,10.3573,66380
20150106,2015-01-06,12.8,13.3,12.8,13.2,10.5982,403170
20150107,2015-01-07,13.2,13.6,13.1,13.6,10.9193,830630
20150108,2015-01-08,13.6,13.8,13.4,13.6,10.9193,798240
20150109,2015-01-09,13.6,14.5,13.6,14.5,11.6419,3291280
20150112,2015-01-12,15,15.5,14.9,15.5,12.4448,3509140
20150113,2015-01-13,15.6,16.5,15.6,16.4,13.1674,4239540
20150114,2015-01-14,16.2,16.9,15.9,16.3,13.0872,3626720
20150115,2015-01-15,16.3,16.9,16.3,16.4,13.1674,3854730
20150116,2015-01-16,16.5,16.7,16.2,16.2,13.0069,2253150
20150119,2015-01-19,16.5,16.8,16.2,16.4,13.1674,3218140
20150120,2015-01-20,16.3,16.4,16,16.2,13.0069,1468560
20150121,2015-01-21,16.2,16.3,15.7,15.7,12.6054,1726690
20150122,2015-01-22,15.7,16.7,15.4,16.7,13.4083,4915010
20150123,2015-01-23,17.2,17.7,17.1,17.4,13.9703,5685560
20150126,2015-01-26,17.4,17.6,17.2,17.4,13.9703,2805130
20150127,2015-01-27,17.3,18,17.1,17.4,13.9703,6307270
20150128,2015-01-28,17.4,18.6,17.4,18.6,14.9338,7664440
20150129,2015-01-29,18.5,18.8,17.9,18.2,14.6126,4488270
20150130,2015-01-30,18,18.1,17.4,17.5,14.0506,4223660
20150202,2015-02-02,17.4,17.7,17.2,17.2,13.8098,2416500
20150203,2015-02-03,17.5,17.5,16,16,12.8463,4755860
20150204,2015-02-04,15.7,15.9,15.1,15.7,12.6054,4557400
20150205,2015-02-05,15.8,16.5,15.8,16.4,13.1674,1889090
20150206,2015-02-06,16.5,17.4,16.3,17.4,13.9703,2719610
20150209,2015-02-09,17.2,17.7,17.1,17.3,13.89,4540560
20150210,2015-02-10,17.8,18.1,17.6,17.9,14.3718,3685400
20150211,2015-02-11,17.8,18.2,17.7,18.1,14.5324,2092460
20150212,2015-02-12,18.1,18.2,17.5,17.8,14.2915,2683000
20150213,2015-02-13,17.8,18.1,17.5,17.8,14.2915,2237110
20150224,2015-02-24,18.1,18.6,18,18.5,14.8535,2604540
20150225,2015-02-25,18.8,19.2,18.4,18.5,14.8535,6844330
20150226,2015-02-26,18.5,19,18.5,18.9,15.1747,2272350
20150227,2015-02-27,18.9,19.1,18.5,18.6,14.9338,2068430
20150302,2015-03-02,18.4,18.7,18.3,18.5,14.8535,2321900
20150303,2015-03-03,18.5,18.8,18.5,18.6,14.9338,2069810
20150304,2015-03-04,18.6,18.7,18.3,18.6,14.9338,3163180
20150305,2015-03-05,18.6,18.7,18.1,18.1,14.5324,2812950
20150306,2015-03-06,18,18.7,17.9,18.5,14.8535,3674670
20150309,2015-03-09,18.5,18.6,18,18.1,14.5324,1681020
20150310,2015-03-10,18,18.4,18,18.3,14.6929,1700740
20150311,2015-03-11,18.1,18.6,18.1,18.3,14.6929,1830980
20150312,2015-03-12,18.3,18.5,18.3,18.4,14.7732,1252200
20150313,2015-03-13,18.5,18.8,18.5,18.6,14.9338,2433590
20150316,2015-03-16,18.5,18.6,18.3,18.3,14.6929,1402610
20150317,2015-03-17,18.3,18.5,18.2,18.3,14.6929,1211420
20150318,2015-03-18,18.2,18.3,17.9,18,14.4521,2495840
20150319,2015-03-19,18.1,18.2,17.6,17.7,14.2112,1820330
20150320,2015-03-20,17.6,18,17.6,17.9,14.3718,1173340
20150323,2015-03-23,17.9,18.1,17.2,17.3,13.89,1769900
20150324,2015-03-24,17.1,17.2,16.7,17.2,13.8098,2786500
20150325,2015-03-25,17.3,17.6,17.1,17.4,13.9703,1102480
20150326,2015-03-26,17.2,18,17.2,17.8,14.2915,2105980
20150327,2015-03-27,17.9,18,17.6,17.7,14.2112,1477530
20150330,2015-03-30,17.7,17.8,17.3,17.3,13.89,1263880
20150331,2015-03-31,17.1,17.8,17.1,17.6,14.1309,1169760
20150401,2015-04-01,17.6,17.7,17.3,17.3,13.89,1268780
20150402,2015-04-02,17.5,17.9,17.3,17.9,14.3718,1271640
20150403,2015-04-03,17.9,18,17.7,17.8,14.2915,1450020
20150406,2015-04-06,17.8,17.9,17.7,17.8,14.2915,569590
20150407,2015-04-07,17.7,18.4,17.7,18.4,14.7732,2636680
20150408,2015-04-08,18.4,18.6,18.3,18.5,14.8535,910500
20150409,2015-04-09,18.4,18.9,18.4,18.9,15.1747,2454430
20150410,2015-04-10,18.8,19.3,18.8,19,15.255,3852170
20150413,2015-04-13,19,19.2,18.7,19,15.255,1486590
20150414,2015-04-14,19,19.4,18.9,19,15.255,5097900
20150415,2015-04-15,18.8,19.1,18.8,19,15.255,2069480
20150416,2015-04-16,19,19.7,19,19.6,15.7367,4920810
20150417,2015-04-17,19.6,19.8,19.3,19.3,15.4958,2686790
20150420,2015-04-20,19.2,19.3,19,19.1,15.3353,1284590
20150421,2015-04-21,19,19.3,18.8,18.8,15.0944,2204810
20150422,2015-04-22,18.8,19,18.4,18.6,14.9338,2705440
20150423,2015-04-23,18.7,18.8,18.4,18.6,14.9338,1127420
20150424,2015-04-24,18.7,19,18.7,19,15.255,684920
20150427,2015-04-27,19,19.2,18.8,18.8,15.0944,950380
20150504,2015-05-04,18.8,18.8,17.5,17.5,14.0506,1881900
20150505,2015-05-05,17.7,18.1,17.1,18,14.4521,1981420
20150506,2015-05-06,18,18.2,17.6,17.8,14.2915,761530
20150507,2015-05-07,17.6,18.5,17.6,18.4,14.7732,771260
20150508,2015-05-08,17.8,18,17.5,17.9,15.2154,1376640
20150511,2015-05-11,17.9,18,17.7,17.7,15.0454,465380
20150512,2015-05-12,17.7,17.8,17.1,17.5,14.8754,1428100
20150513,2015-05-13,17.5,17.6,17,17.3,14.7054,1621480
20150514,2015-05-14,17.3,17.7,17.1,17.5,14.8754,804260
20150515,2015-05-15,17.6,17.7,17.3,17.3,14.7054,1013200
20150518,2015-05-18,17.3,17.4,17,17.1,14.5354,677080
20150519,2015-05-19,17.3,17.4,17.1,17.3,14.7054,481540
20150520,2015-05-20,17.3,17.9,17.3,17.8,15.1304,1103900
20150521,2015-05-21,17.9,18.1,17.8,17.8,15.1304,984730
20150522,2015-05-22,17.8,18.4,17.8,18.3,15.5554,1889170
20150525,2015-05-25,18.2,18.7,18.2,18.6,15.8104,1170460
20150526,2015-05-26,18.6,19.3,18.5,19.2,16.3204,2855890
20150527,2015-05-27,19.1,19.9,19,19.5,16.5754,2260150
20150528,2015-05-28,19.6,20.7,19.4,20.3,17.2555,3016040
20150529,2015-05-29,20.2,20.7,20,20.2,17.1705,2213330
20150601,2015-06-01,20.2,21.6,19.9,20.9,17.7655,2520640
20150602,2015-06-02,20.9,21.9,20.5,20.6,17.5105,3699620
20150603,2015-06-03,20.7,21.2,20.2,20.6,17.5105,1709380
20150604,2015-06-04,20.6,21.1,20.4,20.6,17.5105,2761430
20150605,2015-06-05,20.5,21.9,20.5,21.8,18.5305,2937100
20150608,2015-06-08,22.3,22.6,21.8,21.8,18.5305,2974130
20150609,2015-06-09,21.8,22,21,21.2,18.0205,3117630
20150610,2015-06-10,21.2,21.3,20.6,21.2,18.0205,2616750
20150611,2015-06-11,21.4,21.7,21,21.4,18.1905,1450590
20150612,2015-06-12,21.4,21.6,21.1,21.2,18.0205,1291230
20150615,2015-06-15,21.3,22,21.2,22,18.7005,2040050
20150616,2015-06-16,22.2,22.4,21.5,21.5,18.2755,1682910
20150617,2015-06-17,21.2,21.7,21.1,21.5,18.2755,1396270
20150618,2015-06-18,21.5,21.7,21.3,21.3,18.1055,697040
20150619,2015-06-19,21.6,22.2,21.5,21.8,18.5305,1947610
20150622,2015-06-22,21.8,22.5,21.8,22.5,19.1255,3260090
20150623,2015-06-23,22.5,22.8,22.3,22.7,19.2955,1958010
20150624,2015-06-24,22.6,22.7,22.4,22.6,19.2105,1771700
20150625,2015-06-25,22.5,22.8,22.1,22.7,19.2955,1556650
20150626,2015-06-26,22.7,22.7,21.5,21.5,18.2755,2965660
20150629,2015-06-29,21.3,22.3,21.2,22.2,18.8705,2151360
20150630,2015-06-30,22,22.7,22,22.1,18.7855,2042130
20150701,2015-07-01,22.2,22.3,21.7,21.9,18.6155,1437650
20150702,2015-07-02,21.8,23.4,21.8,23.4,19.8905,4039430
20150703,2015-07-03,24,25,23.5,24.6,20.9106,2702600
20150706,2015-07-06,24.9,25.6,24.7,25.3,21.5056,2877760
20150707,2015-07-07,25.3,27,24.7,26.7,22.6956,3130440
20150708,2015-07-08,26.3,27.4,25.1,25.9,22.0156,4433040
20150709,2015-07-09,25.2,26.2,25.1,25.3,21.5056,5260640
20150710,2015-07-10,25.7,25.9,25.3,25.7,21.8456,3914560
20150713,2015-07-13,25.7,26.2,25.2,25.8,21.9306,2417630
20150714,2015-07-14,25.7,26.9,25.5,26.4,22.4406,3092980
20150715,2015-07-15,26.5,26.9,25.8,26,22.1006,2917830
20150716,2015-07-16,25.8,26,25.3,25.8,21.9306,1999870
20150717,2015-07-17,25.7,25.8,25.4,25.4,21.5906,1601570
20150720,2015-07-20,25,25.3,24.5,25,21.2506,2687400
20150721,2015-07-21,25,25.4,24.8,25,21.2506,2000630
20150722,2015-07-22,24.8,26.4,24.8,26.4,22.4406,1793210
20150723,2015-07-23,26.5,26.8,25.9,25.9,22.0156,3037270
20150724,2015-07-24,25.9,26.1,25.6,25.7,21.8456,1457980
20150727,2015-07-27,25.6,26.5,25.6,26.3,22.3556,1747310
20150728,2015-07-28,26.3,26.7,26,26,22.1006,1836300
20150729,2015-07-29,26.2,26.4,25.7,25.8,21.9306,1850030
20150730,2015-07-30,25.8,26.1,25.6,25.9,22.0156,1024140
20150731,2015-07-31,26.2,26.4,25.5,25.5,21.6756,1560060
20150803,2015-08-03,25.3,25.3,24.3,24.9,21.1656,3550470
20150804,2015-08-04,24.9,25,23.6,23.7,20.1455,3000080
20150805,2015-08-05,23.8,24.3,23.8,24.1,20.4855,1689600
20150806,2015-08-06,24.2,24.3,23.1,23.4,19.8905,2485570
20150807,2015-08-07,23.4,23.6,23,23.4,19.8905,1370750
20150810,2015-08-10,23.4,23.9,23.3,23.9,20.3155,741270
20150811,2015-08-11,24,25.1,23.9,24.5,20.8256,2912710
20150812,2015-08-12,24.2,24.4,23.8,23.9,20.3155,1738480
20150813,2015-08-13,23.9,23.9,23,23,19.5505,2592400
20150814,2015-08-14,22.1,22.8,21.9,22.4,19.9316,1208870
20150817,2015-08-17,22.3,22.4,20.9,21,18.6859,2910110
20150818,2015-08-18,20.8,22,20.6,22,19.5757,2133850
20150819,2015-08-19,21.1,22.5,21.1,22,19.5757,1307770
20150820,2015-08-20,21.5,22.1,21.2,21.4,19.0418,1138910
20150821,2015-08-21,20.8,21.4,20,21.2,18.8638,2601620
20150824,2015-08-24,21.2,21.2,19.8,19.8,17.6181,3840300
20150825,2015-08-25,19,20.6,19,20.4,18.152,2327500
20150826,2015-08-26,20.4,21.8,20.4,21.8,19.3977,1858500
20150827,2015-08-27,22.3,22.7,22.1,22.6,20.1096,2536570
20150828,2015-08-28,22.6,23.3,22.5,23.3,20.7324,2490750
20150831,2015-08-31,23.3,23.4,22.8,23.2,20.6434,1706340
20150901,2015-09-01,23,23.7,22.9,23.6,20.9994,1682720
20150903,2015-09-03,23.6,23.6,22.9,23.3,20.7324,1626640
20150904,2015-09-04,23,23.5,23,23,20.4655,916910
20150907,2015-09-07,23.6,24.3,23.4,23.8,21.1773,2195310
20150908,2015-09-08,23.8,25.4,23.8,25.4,22.601,4291870
20150909,2015-09-09,26.5,26.5,25.7,25.8,22.9569,2989190
20150910,2015-09-10,25.3,25.9,25.2,25.4,22.601,1899900
20150911,2015-09-11,25.3,25.6,24.9,25,22.2451,1772310
20150914,2015-09-14,26.7,26.7,26.7,26.7,23.7578,1337100
20150915,2015-09-15,28.5,28.5,27.8,28.5,25.3594,9105340
20150916,2015-09-16,26.6,26.6,26.6,26.6,23.6688,130560
20150917,2015-09-17,24.8,24.8,24.8,24.8,22.0671,68170
20150918,2015-09-18,23.1,24.8,23.1,24.5,21.8002,6916750
20150921,2015-09-21,24.5,25,24,24.8,22.0671,761850
20150922,2015-09-22,24.8,24.9,24.4,24.6,21.8892,893470
20150923,2015-09-23,24.1,24.3,23.8,24.2,21.5332,2326020
20150924,2015-09-24,24.3,24.5,23.9,23.9,21.2663,1178880
20150925,2015-09-25,23.9,24.2,23.8,24,21.3553,762190
20150928,2015-09-28,24,24,23.5,23.5,20.9104,825810
20150929,2015-09-29,23.2,23.6,23.1,23.5,20.9104,1326250
20150930,2015-09-30,23.5,23.9,23.5,23.7,21.0883,600380
20151001,2015-10-01,23.6,23.9,23.5,23.5,20.9104,201000
20151002,2015-10-02,23.5,23.5,23.2,23.2,20.6434,577300
20151005,2015-10-05,23.4,23.7,23.3,23.6,20.9994,499560
20151006,2015-10-06,24,24.7,24,24.6,21.8892,1791950
20151007,2015-10-07,24.8,24.8,24,24,21.3553,764870
20151008,2015-10-08,24,24.5,24,24.2,21.5332,894920
20151009,2015-10-09,24.5,24.9,24.2,24.4,21.7112,1805900
20151012,2015-10-12,24.2,24.9,24.2,24.5,21.8002,1027720
20151013,2015-10-13,24.5,24.8,24.4,24.6,21.8892,783600
20151014,2015-10-14,24.6,24.6,24.3,24.4,21.7112,776170
20151015,2015-10-15,24.5,24.7,24.2,24.4,21.7112,1234690
20151016,2015-10-16,24.4,24.7,24.3,24.5,21.8002,1057440
20151019,2015-10-19,24.5,24.6,24.3,24.5,21.8002,589810
20151020,2015-10-20,24.4,24.5,24,24,21.3553,992240
20151021,2015-10-21,24,24.3,23.8,24,21.3553,749170
20151022,2015-10-22,24,24.4,23.8,24.1,21.4443,312420
20151023,2015-10-23,24.5,24.7,24.3,24.6,21.8892,1075700
20151026,2015-10-26,24.7,24.7,24.3,24.3,21.6222,743780
20151027,2015-10-27,24.4,24.6,24.3,24.4,21.7112,759540
20151028,2015-10-28,24.3,24.5,24,24,21.3553,583210
20151029,2015-10-29,24.2,24.3,24,24.2,21.5332,729800
20151030,2015-10-30,24.1,24.3,24,24.1,21.4443,444740
20151102,2015-11-02,24,24.4,24,24.1,21.4443,856570
20151103,2015-11-03,24.1,24.1,23.8,24,21.3553,686240
20151104,2015-11-04,24,24.2,23.7,23.7,21.0883,755690
20151105,2015-11-05,23.6,23.8,23.5,23.6,20.9994,578350
20151106,2015-11-06,23.6,24,23.4,23.6,20.9994,700470
20151109,2015-11-09,23.6,23.9,23.5,23.7,21.0883,360310
20151110,2015-11-10,23.7,23.7,23.3,23.4,20.8214,644920
20151111,2015-11-11,23.4,23.5,23.1,23.1,20.5545,285280
20151112,2015-11-12,23.1,23.4,22.9,23.3,20.7324,722320
20151113,2015-11-13,23.3,23.7,23,23.7,21.0883,577460
20151116,2015-11-16,23.6,23.7,23.3,23.5,20.9104,204700
20151117,2015-11-17,23.6,23.6,23.3,23.4,20.8214,487770
20151118,2015-11-18,23.4,23.5,23.3,23.4,20.8214,376510
20151119,2015-11-19,23.5,23.6,23.3,23.4,20.8214,222220
20151120,2015-11-20,23.4,23.5,23.2,23.5,20.9104,796570
20151123,2015-11-23,23.3,23.5,23.2,23.2,20.6434,483040
20151124,2015-11-24,23.1,23.2,22.8,22.9,20.3765,573180
20151125,2015-11-25,22.7,23,22.4,22.6,20.1096,449700
20151126,2015-11-26,21.4,22,21.4,21.6,19.2198,2465300
20151127,2015-11-27,21.7,21.7,21.2,21.3,18.9528,1031890
20151130,2015-11-30,21,21,20.1,20.4,18.152,1245420
20151201,2015-12-01,20.3,20.8,20.2,20.7,18.4189,798460
20151202,2015-12-02,20.8,21.7,20.8,21.2,18.8638,1343120
20151203,2015-12-03,21.4,21.4,21.2,21.3,18.9528,903160
20151204,2015-12-04,21.1,21.2,20.8,20.8,18.5079,580460
20151207,2015-12-07,20.5,20.8,20.4,20.5,18.241,615120
20151208,2015-12-08,20.3,21,20.2,21,18.6859,859320
20151209,2015-12-09,21.2,21.2,20.6,20.6,18.33,317220
20151210,2015-12-10,20.3,20.6,20.2,20.3,18.063,685510
20151211,2015-12-11,20.2,20.4,20.1,20.1,17.8851,938690
20151214,2015-12-14,20,20.4,19.9,20,17.7961,479600
20151215,2015-12-15,20,20.3,19.8,20,17.7961,1710810
20151216,2015-12-16,20,20.8,20,20.6,18.33,6453910
20151217,2015-12-17,21.8,21.8,21.2,21.5,19.1308,1962310
20151218,2015-12-18,21.1,21.5,21.1,21.3,18.9528,1297640
20151221,2015-12-21,20.9,21,20.6,20.7,18.4189,2292130
20151222,2015-12-22,20.7,21.3,20.6,20.9,18.5969,1438220
20151223,2015-12-23,20.9,21.2,20.7,20.7,18.4189,660920
20151224,2015-12-24,20.9,20.9,20.5,20.5,18.241,625710
20151225,2015-12-25,20.5,20.8,20.4,20.4,18.152,1179440
20151228,2015-12-28,20.4,20.5,20,20.2,17.974,1567150
20151229,2015-12-29,20.3,20.7,20.1,20.7,18.4189,979430
20151230,2015-12-30,20.7,21.1,20.7,20.8,18.5079,1242400
20151231,2015-12-31,20.7,20.9,20.5,20.6,18.33,1000490
20160104,2016-01-04,20.8,20.8,20.2,20.2,17.974,1019270
20160105,2016-01-05,20.2,20.4,20,20.1,17.8851,1104280
20160106,2016-01-06,20,20.3,20,20.2,17.974,895200
20160107,2016-01-07,20.1,20.2,19,19.3,17.1732,2583350
20160108,2016-01-08,19.3,19.3,18.3,18.8,16.7283,1217770
20160111,2016-01-11,19,19.3,18.9,19,16.9063,902550
20160112,2016-01-12,19,19.3,19,19.3,17.1732,615630
20160113,2016-01-13,19.4,19.5,18.9,19,16.9063,528540
20160114,2016-01-14,18.8,18.9,18.4,18.5,16.4614,1115000
20160115,2016-01-15,18.5,18.8,17.8,17.8,15.8385,1334000
20160118,2016-01-18,17.4,17.4,16.6,16.6,14.7707,3664530
20160119,2016-01-19,16.6,17.2,16.6,17.1,15.2156,1606710
20160120,2016-01-20,17.1,17.1,16.8,16.9,15.0377,760120
20160121,2016-01-21,16.8,16.9,15.8,15.8,14.0589,2699730
20160122,2016-01-22,15.8,15.9,14.7,15,13.3471,5376560
20160125,2016-01-25,15.6,16,15.5,16,14.2369,1964520
20160126,2016-01-26,16.3,16.8,15.5,16.5,14.6818,2678070
20160127,2016-01-27,16.5,17.3,16.4,17.2,15.3046,2314620
20160128,2016-01-28,17.5,17.5,16.5,16.5,14.6818,1853090
20160129,2016-01-29,16.5,16.9,16.4,16.8,14.9487,1764470
20160201,2016-02-01,16.5,16.9,16.3,16.3,14.5038,1626710
20160202,2016-02-02,16.3,16.8,16,16.2,14.4148,824540
20160203,2016-02-03,16.1,16.4,16,16.4,14.5928,718690
20160204,2016-02-04,16.5,16.6,16.2,16.2,14.4148,1099370
20160205,2016-02-05,16.2,16.4,16.1,16.4,14.5928,490750
20160215,2016-02-15,16.3,16.5,16.1,16.4,14.5928,452890
20160216,2016-02-16,16.5,16.5,16.2,16.3,14.5038,781240
20160217,2016-02-17,16.3,16.3,16,16,14.2369,1511740
20160218,2016-02-18,16.2,16.4,16.1,16.1,14.3258,1277910
20160219,2016-02-19,16.2,16.7,16.1,16.5,14.6818,1647780
20160222,2016-02-22,16.7,17.2,16.6,17.2,15.3046,2247920
20160223,2016-02-23,17.3,17.4,16.9,17,15.1267,1871900
20160224,2016-02-24,16.9,18.1,16.8,18.1,16.1054,5780650
20160225,2016-02-25,18.6,19,18.1,18.3,16.2834,3264500
20160226,2016-02-26,18.5,18.7,18.2,18.4,16.3724,1813600
20160229,2016-02-29,18.2,18.3,17.7,17.7,15.7495,2484180
20160301,2016-03-01,17.7,18.1,17.7,17.7,15.7495,1866330
20160302,2016-03-02,18,18.3,17.9,18.3,16.2834,1811300
20160303,2016-03-03,18.3,18.4,18,18.2,16.1944,1274450
20160304,2016-03-04,18.2,18.3,18.1,18.1,16.1054,1180200
20160307,2016-03-07,18.2,18.2,17.9,17.9,15.9275,1713710
20160308,2016-03-08,17.9,18,17.7,17.8,15.8385,1485440
20160309,2016-03-09,17.8,17.9,17.3,17.4,15.4826,1236990
20160310,2016-03-10,17.6,17.7,17.4,17.7,15.7495,951910
20160311,2016-03-11,17.9,18,17.7,17.7,15.7495,1299460
20160314,2016-03-14,17.8,17.9,17.6,17.7,15.7495,968310
20160315,2016-03-15,17.7,17.7,17.4,17.5,15.5716,1208710
20160316,2016-03-16,17.5,17.8,17.4,17.7,15.7495,1398670
20160317,2016-03-17,17.8,17.9,17.7,17.7,15.7495,970590
20160318,2016-03-18,17.7,17.7,17.3,17.6,15.6605,954300
20160321,2016-03-21,17.7,17.9,17.6,17.6,15.6605,1464080
20160322,2016-03-22,17.6,17.6,17.3,17.3,15.3936,1313850
20160323,2016-03-23,17.3,17.6,17.3,17.6,15.6605,994300
20160324,2016-03-24,17.5,17.5,17.2,17.2,15.3046,943010
20160325,2016-03-25,17.2,17.3,16.9,17.3,15.3936,1473220
20160328,2016-03-28,17.4,17.4,17.1,17.2,15.3046,580320
20160329,2016-03-29,17,17.2,16.9,16.9,15.0377,697840
20160330,2016-03-30,16.9,17,16.7,16.9,15.0377,824140
20160331,2016-03-31,17.1,17.2,16.7,16.7,14.8597,769430
20160401,2016-04-01,16.8,17,16.6,16.6,14.7707,1187420
20160404,2016-04-04,16.6,17,16.5,16.5,14.6818,764980
20160405,2016-04-05,16.5,16.7,16.5,16.6,14.7707,437370
20160406,2016-04-06,16.6,16.9,16.6,16.9,15.0377,1197530
20160407,2016-04-07,17,17,16.8,16.9,15.0377,452990
20160408,2016-04-08,16.9,16.9,16.8,16.8,14.9487,259830
20160411,2016-04-11,16.8,16.9,16.5,16.7,14.8597,1312000
20160412,2016-04-12,16.5,16.6,16.1,16.2,14.4148,1533930
20160413,2016-04-13,16,16.1,15.5,15.8,14.0589,2085010
20160414,2016-04-14,15.8,16.3,15.7,15.9,14.1479,1642570
20160415,2016-04-15,16.2,16.2,15.9,16,14.2369,701360
20160419,2016-04-19,15.9,15.9,15.6,15.6,13.8809,1099770
20160420,2016-04-20,15.7,15.9,15.6,15.7,13.9699,1067790
20160421,2016-04-21,15.8,15.9,15.6,15.9,14.1479,854710
20160422,2016-04-22,15.8,17,15.7,17,15.1267,2817020
20160425,2016-04-25,17.5,18,17.5,17.5,15.5716,3955540
20160426,2016-04-26,17.5,17.5,17.1,17.3,15.3936,956530
20160427,2016-04-27,17.4,17.4,16.8,17,15.1267,1222870
20160428,2016-04-28,17,17.1,16.5,16.5,14.6818,866470
20160429,2016-04-29,16.5,17.5,16.5,17.5,15.5716,3038650
20160504,2016-05-04,17.3,17.7,17,17.3,15.3936,1426100
20160505,2016-05-05,17.2,18,17.2,17.7,15.7495,3034260
20160506,2016-05-06,17.7,18.4,17.7,18.1,16.1054,4363520
20160509,2016-05-09,18.2,18.4,17.7,17.8,15.8385,2115080
20160510,2016-05-10,17.7,18.5,17.5,18.3,16.2834,3716070
20160511,2016-05-11,18.5,18.7,18.4,18.6,16.5503,3121100
20160512,2016-05-12,18.7,18.7,18.4,18.7,16.6393,2149990
20160513,2016-05-13,18.6,18.9,18.5,18.7,16.6393,3104020
20160516,2016-05-16,18.6,18.8,18.5,18.6,16.5503,1573350
20160517,2016-05-17,18.8,19.2,18.7,19,16.9063,3209630
20160518,2016-05-18,19,19.3,18.9,19,16.9063,1985700
20160519,2016-05-19,18.9,19,18.6,18.6,16.5503,966170
20160520,2016-05-20,18.6,18.8,18.2,18.3,16.2834,1977000
20160523,2016-05-23,18.3,18.4,17.9,17.9,15.9275,1529710
20160524,2016-05-24,17.9,18.1,17.7,17.9,15.9275,1644700
20160525,2016-05-25,18,18.2,17.9,17.9,15.9275,938560
20160526,2016-05-26,17.8,17.9,17.4,17.5,15.5716,1602380
20160527,2016-05-27,17.5,17.8,17.3,17.8,15.8385,1466540
20160530,2016-05-30,17.8,18.2,17.7,18.1,16.1054,661330
20160531,2016-05-31,18.2,18.4,18.1,18.2,16.1944,1813280
20160601,2016-06-01,18,18.4,18,18.3,16.2834,1032960
20160602,2016-06-02,18.3,18.5,18.2,18.5,16.4614,834990
20160603,2016-06-03,18.5,18.6,18.3,18.3,16.2834,1115540
20160606,2016-06-06,18.3,18.3,18,18.2,16.1944,1083280
20160607,2016-06-07,18.3,18.3,18,18.1,16.1054,1149500
20160608,2016-06-08,18,18.5,18,18.3,16.2834,1699270
20160609,2016-06-09,18.3,18.9,18.2,18.8,16.7283,2943510
20160610,2016-06-10,18.7,19,18.6,18.6,16.5503,3935310
20160613,2016-06-13,18.5,18.6,18.2,18.3,16.2834,886660
20160614,2016-06-14,18.1,18.3,18,18.1,16.1054,1115200
20160615,2016-06-15,18,18.3,18,18.1,16.1054,867900
20160616,2016-06-16,18.2,18.3,18,18,16.0165,819390
20160617,2016-06-17,18,18.1,17.7,18,16.0165,965090
20160620,2016-06-20,17.9,18,17.8,18,16.0165,595980
20160621,2016-06-21,18.2,18.2,17.9,18,16.0165,575810
20160622,2016-06-22,18,18,17.8,17.9,15.9275,371290
20160623,2016-06-23,17.9,18.1,17.8,18,16.0165,764500
20160624,2016-06-24,17.9,17.9,16.9,17.7,15.7495,1936510
20160627,2016-06-27,17.3,17.5,17.1,17.5,15.5716,799990
20160628,2016-06-28,17.5,17.5,17.2,17.5,15.5716,351720
20160629,2016-06-29,17.5,17.8,17.4,17.6,15.6605,1083530
20160630,2016-06-30,17.6,17.7,17.4,17.5,15.5716,639570
20160701,2016-07-01,17.4,17.6,17.3,17.4,15.4826,788490
20160704,2016-07-04,17.4,17.5,17.1,17.5,15.5716,1555770
20160705,2016-07-05,17.5,18.2,17.4,18,16.0165,2066340
20160706,2016-07-06,17.8,17.9,17.7,17.9,15.9275,598240
20160707,2016-07-07,17.8,17.9,17.7,17.9,15.9275,602090
20160708,2016-07-08,17.9,17.9,17.3,17.8,15.8385,1266730
20160711,2016-07-11,17.8,18.1,17.5,17.8,15.8385,2012310
20160712,2016-07-12,17.9,17.9,17.6,17.8,15.8385,687640
20160713,2016-07-13,17.8,18.7,17.8,18.5,16.4614,4327780
20160714,2016-07-14,18.6,19.1,18.6,18.6,16.5503,4315400
20160715,2016-07-15,18.5,18.6,18.3,18.5,16.4614,1123160
20160718,2016-07-18,18.3,18.7,18.1,18.6,16.5503,2082080
20160719,2016-07-19,18.6,18.6,17.8,18,16.0165,2758450
20160720,2016-07-20,18,18.1,17.7,17.7,15.7495,1363320
20160721,2016-07-21,17.7,17.9,17.6,17.7,15.7495,1705470
20160722,2016-07-22,17.6,17.7,17.3,17.7,15.7495,2009510
20160725,2016-07-25,17.7,17.8,17.5,17.6,15.6605,581260
20160726,2016-07-26,17.6,17.7,17.4,17.5,15.5716,858490
20160727,2016-07-27,17.4,17.8,17.4,17.7,15.7495,1091370
20160728,2016-07-28,17.6,17.8,17.5,17.6,15.6605,501590
20160729,2016-07-29,17.5,17.6,17.4,17.6,15.6605,805210
20160801,2016-08-01,17.8,17.8,17.4,17.6,15.6605,707890
20160802,2016-08-02,17.5,17.5,17,17.1,15.2156,1169700
20160803,2016-08-03,17.2,17.2,16.8,17.1,15.2156,1317460
20160804,2016-08-04,17.1,17.2,16.9,16.9,15.0377,1128240
20160805,2016-08-05,16.7,16.8,16.3,16.7,14.8597,1690970
20160808,2016-08-08,16.5,16.6,16.2,16.6,14.7707,1551990
20160809,2016-08-09,16.6,16.7,16.4,16.5,14.6818,519900
20160810,2016-08-10,16.3,16.9,16.3,16.9,15.0377,1148170
20160811,2016-08-11,16.9,17.3,16.7,17.3,15.3936,1228890
20160812,2016-08-12,17.1,17.3,16.8,17.1,15.2156,434800
20160815,2016-08-15,16.9,17.1,16.8,17.1,15.2156,632830
20160816,2016-08-16,17.1,17.1,16.8,16.9,15.0377,827940
20160817,2016-08-17,16.9,17,16.7,16.9,15.0377,285200
20160818,2016-08-18,16.8,16.8,16.5,16.7,14.8597,1343540
20160819,2016-08-19,16.7,16.7,16.3,16.6,14.7707,2029450
20160822,2016-08-22,16.4,16.6,16.4,16.5,14.6818,1257980
20160823,2016-08-23,16.4,16.5,16.3,16.5,14.6818,903350
20160824,2016-08-24,16.5,16.5,16.2,16.3,14.5038,1612330
20160825,2016-08-25,16.3,16.4,16.1,16.3,14.5038,703200
20160826,2016-08-26,16.4,16.7,16.3,16.4,14.5928,1297270
20160829,2016-08-29,16.5,16.6,16.4,16.5,14.6818,1091630
20160830,2016-08-30,16.4,16.5,16.3,16.5,14.6818,466210
20160831,2016-08-31,16.4,16.5,16.3,16.4,14.5928,734920
20160901,2016-09-01,16.4,16.4,16.1,16.4,14.5928,900430
20160905,2016-09-05,16.3,16.4,15.9,16.4,14.5928,1306300
20160906,2016-09-06,16.1,16.3,16.1,16.1,14.3258,828750
20160907,2016-09-07,16.1,16.2,15.9,16.1,14.3258,1329560
20160908,2016-09-08,16.3,16.3,16,16.3,14.5038,541640
20160909,2016-09-09,16.2,16.3,16.2,16.3,14.5038,447890
20160912,2016-09-12,16.4,16.45,16.1,16.3,14.5038,815890
20160913,2016-09-13,16.2,16.3,16.1,16.2,14.4148,477480
20160914,2016-09-14,16,16.1,15.9,15.9,14.1479,652350
20160915,2016-09-15,15.9,16,15.75,15.9,14.1479,916150
20160916,2016-09-16,15.9,15.9,15.6,15.85,14.1034,758660
20160919,2016-09-19,15.9,15.95,15.75,15.8,14.0589,367810
20160920,2016-09-20,15.75,16,15.55,16,14.2369,983190
20160921,2016-09-21,15.8,16.3,15.8,16.1,14.3258,960130
20160922,2016-09-22,16.1,16.3,16,16.05,14.2813,502770
20160923,2016-09-23,16.05,16.05,15.85,16.05,14.2813,753340
20160926,2016-09-26,16.05,16.05,15.8,15.95,14.1924,775690
20160927,2016-09-27,15.8,16.8,15.8,16.8,14.9487,4499140
20160928,2016-09-28,16.8,17.35,16.7,17.35,15.4381,3589280
20160929,2016-09-29,17.3,17.3,16.75,17,15.1267,1270170
20160930,2016-09-30,16.7,17.1,16.65,17,15.1267,1672670
20161003,2016-10-03,17,17.1,16.75,17,15.1267,1677100
20161004,2016-10-04,16.9,17.35,16.85,17.1,15.2156,1684540
20161005,2016-10-05,17.1,17.45,17,17.3,15.3936,1597280
20161006,2016-10-06,17.25,17.35,17.05,17.3,15.3936,2478390
20161007,2016-10-07,17.2,17.3,16.95,17,15.1267,905070
20161010,2016-10-10,16.95,17.1,16.7,16.75,14.9042,778870
20161011,2016-10-11,16.75,16.8,16.4,16.8,14.9487,1974890
20161012,2016-10-12,16.8,16.9,16.7,16.8,14.9487,422240
20161013,2016-10-13,16.75,16.8,16.7,16.8,14.9487,421910
20161014,2016-10-14,16.7,17.1,16.65,17,15.1267,2349780
20161017,2016-10-17,16.9,17.15,16.9,17.1,15.2156,897530
20161018,2016-10-18,17.1,17.1,16.75,17,15.1267,251130
20161019,2016-10-19,16.85,17.7,16.85,17.7,15.7495,5957570
20161020,2016-10-20,17.8,17.8,17.5,17.6,15.6605,2281060
20161021,2016-10-21,17.4,17.7,17.4,17.6,15.6605,929330
20161024,2016-10-24,17.8,17.9,17.6,17.65,15.705,3458020
20161025,2016-10-25,17.65,17.65,17.2,17.45,15.5271,2232770
20161026,2016-10-26,17.3,17.5,17,17.25,15.3491,1230860
20161027,2016-10-27,17.1,17.15,16.7,16.7,14.8597,2307600
20161028,2016-10-28,16.8,17.2,16.75,17.1,15.2156,1926490
20161031,2016-10-31,17.1,17.2,16.7,16.7,14.8597,1090960
20161101,2016-11-01,16.7,17,16.65,17,15.1267,1407290
20161102,2016-11-02,17,17,16.7,16.85,14.9932,1422400
20161103,2016-11-03,16.2,16.2,15.85,16.1,15.0865,1917430
20161104,2016-11-04,15.9,16.2,15.8,16.2,15.1802,1590540
20161107,2016-11-07,15.95,16.2,15.8,15.8,14.8054,1291320
20161108,2016-11-08,15.8,16,15.75,15.75,14.7586,650940
20161109,2016-11-09,15.8,15.8,14.8,15.8,14.8054,1444880
20161110,2016-11-10,15.9,15.9,15.7,15.8,14.8054,1048200
20161111,2016-11-11,15.7,15.85,15.55,15.7,14.7117,730860
20161114,2016-11-14,15.75,15.75,15.3,15.35,14.3838,1117210
20161115,2016-11-15,15.35,15.5,15.3,15.35,14.3838,943440
20161116,2016-11-16,15.35,15.5,15.35,15.45,14.4775,554170
20161117,2016-11-17,15.45,15.45,15.3,15.3,14.3369,680780
20161118,2016-11-18,15.35,15.35,15.2,15.3,14.3369,837340
20161121,2016-11-21,15.4,15.7,15.4,15.5,14.5243,2002790
20161122,2016-11-22,15.5,16.1,15.5,16.1,15.0865,1905030
20161123,2016-11-23,16.2,16.35,16.1,16.1,15.0865,3221530
20161124,2016-11-24,16.1,16.1,15.7,16,14.9928,617020
20161125,2016-11-25,16,16,15.7,15.9,14.8991,840410
20161128,2016-11-28,15.8,15.8,15.55,15.7,14.7117,1818540
20161129,2016-11-29,15.7,15.75,15.2,15.2,14.2432,1665320
20161130,2016-11-30,15.4,15.45,15.15,15.3,14.3369,2368910
20161201,2016-12-01,15.4,15.4,15.25,15.4,14.4306,2936240
20161202,2016-12-02,15.35,15.4,15.2,15.3,14.3369,1335510
20161205,2016-12-05,15.3,15.3,15,15.2,14.2432,1640570
20161206,2016-12-06,15.05,15.1,14.5,14.75,13.8215,2279090
20161207,2016-12-07,14.75,14.85,14.65,14.75,13.8215,1784350
20161208,2016-12-08,14.75,14.85,14.65,14.8,13.8684,1623610
20161209,2016-12-09,14.8,14.9,14.65,14.75,13.8215,772520
20161212,2016-12-12,14.6,14.75,14.45,14.6,13.681,1565240
20161213,2016-12-13,14.5,14.5,14,14.3,13.3998,2488130
20161214,2016-12-14,14.1,15.2,14.05,15.2,14.2432,1762620
20161215,2016-12-15,14.8,15,14.5,15,14.0558,2157870
20161216,2016-12-16,14.55,14.8,14.55,14.65,13.7278,1663470
20161219,2016-12-19,14.65,15,14.65,14.75,13.8215,1823730
20161220,2016-12-20,14.8,14.85,14.65,14.75,13.8215,1298970
20161221,2016-12-21,14.75,14.9,14.55,14.9,13.9621,1778310
20161222,2016-12-22,14.75,14.75,14.5,14.6,13.681,967740
20161223,2016-12-23,14.6,14.6,14.35,14.6,13.681,1837280
20161226,2016-12-26,14.6,14.75,14.55,14.6,13.681,1127830
20161227,2016-12-27,14.6,14.6,14.35,14.5,13.5873,1463890
20161228,2016-12-28,14.55,14.55,14.3,14.45,13.5404,1805210
20161229,2016-12-29,14.4,14.45,14.2,14.3,13.3998,1707820
20161230,2016-12-30,14.25,14.4,14.2,14.2,13.3061,1439980
20170103,2017-01-03,14.35,15.15,14.35,15.15,14.1963,4954000
20170104,2017-01-04,15.3,15.7,15.3,15.45,14.4775,4674470
20170105,2017-01-05,15.35,15.7,15.2,15.4,14.4306,1988580
20170106,2017-01-06,15.2,16.05,15.2,15.75,14.7586,6338280
20170109,2017-01-09,15.8,16.4,15.8,16.2,15.1802,6160700
20170110,2017-01-10,16.1,16.2,15.95,16.1,15.0865,2471780
20170111,2017-01-11,16.2,16.6,16.05,16.6,15.5551,7292910
20170112,2017-01-12,16.6,16.6,16.4,16.5,15.4614,3541500
20170113,2017-01-13,16.5,16.55,16.15,16.25,15.2271,3414240
20170116,2017-01-16,16.25,16.3,15.8,15.8,14.8054,2739610
20170117,2017-01-17,16.1,16.85,15.95,16.8,15.7425,6538420
20170118,2017-01-18,16.8,17.3,16.45,16.45,15.4145,5523490
20170119,2017-01-19,16.35,16.65,16.3,16.45,15.4145,1997400
20170120,2017-01-20,16.5,16.9,16.4,16.65,15.6019,3226890
20170123,2017-01-23,16.7,17,16.6,16.85,15.7893,3412290
20170124,2017-01-24,16.85,17.15,16.85,17,15.9299,3130040
20170125,2017-01-25,17,17,16.5,16.9,15.8362,2424360
20170202,2017-02-02,16.9,17.2,16.65,17.2,16.1173,3033030
20170203,2017-02-03,17.2,17.55,17.05,17.2,16.1173,4057580
20170206,2017-02-06,17.2,17.4,17,17.2,16.1173,2896390
20170207,2017-02-07,17.05,17.35,16.95,17.1,16.0236,3550940
20170208,2017-02-08,17.1,17.2,16.85,17,15.9299,3716420
20170209,2017-02-09,17,17.15,16.85,16.85,15.7893,3894230
20170210,2017-02-10,16.85,17.15,16.8,17.1,16.0236,3882460
20170213,2017-02-13,17.1,17.15,16.85,16.85,15.7893,2356920
20170214,2017-02-14,16.9,17.05,16.85,17,15.9299,3452520
20170215,2017-02-15,16.95,17.4,16.85,17.35,16.2579,3866520
20170216,2017-02-16,17.25,17.45,17,17,15.9299,4207540
20170217,2017-02-17,16.9,17.05,16.75,16.9,15.8362,2315410
20170220,2017-02-20,16.8,16.85,16.5,16.6,15.5551,4319650
20170221,2017-02-21,16.65,16.85,16.65,16.7,15.6488,3466220
20170222,2017-02-22,16.75,16.8,16.5,16.6,15.5551,2027200
20170223,2017-02-23,16.6,16.7,16.35,16.65,15.6019,1917960
20170224,2017-02-24,16.5,16.8,16.5,16.65,15.6019,2717550
20170227,2017-02-27,16.5,16.7,16.45,16.7,15.6488,1299320
20170228,2017-02-28,16.65,16.7,16.4,16.45,15.4145,1374710
20170301,2017-03-01,16.45,16.45,16.1,16.3,15.274,2971500
20170302,2017-03-02,16.4,16.5,16.05,16.05,15.0397,2357980
20170303,2017-03-03,16.1,16.4,15.8,16.4,15.3677,3291400
20170306,2017-03-06,16.6,16.7,16.4,16.6,15.5551,2663090
20170307,2017-03-07,16.6,16.6,16.4,16.5,15.4614,1229860
20170308,2017-03-08,16.4,16.75,16.3,16.6,15.5551,2091720
20170309,2017-03-09,16.6,16.95,16.55,16.8,15.7425,4635690
20170310,2017-03-10,16.9,16.9,16.55,16.55,15.5082,2210220
20170313,2017-03-13,16.5,16.55,16.3,16.5,15.4614,1377930
20170314,2017-03-14,16.35,16.5,16.3,16.4,15.3677,2190590
20170315,2017-03-15,16.3,16.45,16.25,16.45,15.4145,1177930
20170316,2017-03-16,16.45,16.55,16.25,16.35,15.3208,1860750
20170317,2017-03-17,16.35,16.75,16.3,16.7,15.6488,4646040
20170320,2017-03-20,16.7,16.8,16.45,16.75,15.6956,3017280
20170321,2017-03-21,16.8,17.4,16.8,17.4,16.3047,10006770
20170322,2017-03-22,17.4,17.65,17.3,17.4,16.3047,9321930
20170323,2017-03-23,17.4,17.65,17.2,17.45,16.3516,3455890
20170324,2017-03-24,17.65,17.9,17.4,17.9,16.7732,8242990
20170327,2017-03-27,18,18.15,17.65,17.75,16.6327,7212840
20170328,2017-03-28,17.6,17.8,17.4,17.4,16.3047,3129920
20170329,2017-03-29,17.45,17.45,17.1,17.4,16.3047,4029300
20170330,2017-03-30,17.4,17.85,17.35,17.75,16.6327,5467270
20170331,2017-03-31,17.75,17.75,17.4,17.55,16.4453,2402720
20170403,2017-04-03,17.45,17.55,17.15,17.15,16.0704,3046160
20170404,2017-04-04,17.3,17.45,17.05,17.2,16.1173,3160690
20170405,2017-04-05,17.2,17.35,17.1,17.15,16.0704,3256600
20170407,2017-04-07,17.1,17.25,16.8,17.1,16.0236,4065580
20170410,2017-04-10,17.2,17.25,17,17,15.9299,3210070
20170411,2017-04-11,17,17.05,16.75,17,15.9299,3274570
20170412,2017-04-12,17,17.2,16.8,17,15.9299,3272610
20170413,2017-04-13,16.9,17.1,16.8,16.9,15.8362,4017550
20170414,2017-04-14,16.7,17.05,16.45,17.05,15.9767,4089000
20170417,2017-04-17,17,17.05,16.4,16.4,15.3677,2640550
20170418,2017-04-18,16.4,16.5,16.2,16.5,15.4614,3394390
20170419,2017-04-19,16.5,16.5,16.3,16.3,15.274,2200740
20170420,2017-04-20,16.3,16.9,16.15,16.6,15.5551,3276820
20170421,2017-04-21,16.75,16.9,16.5,16.55,15.5082,2322130
20170424,2017-04-24,16.5,16.6,16.3,16.35,15.3208,915040
20170425,2017-04-25,16.4,16.5,16.2,16.35,15.3208,2039700
20170426,2017-04-26,16.3,16.75,16.15,16.5,15.4614,3093360
20170427,2017-04-27,16.5,16.7,16.45,16.6,15.5551,1305200
20170428,2017-04-28,16.3,16.7,16.3,16.6,15.5551,4054470
20170503,2017-05-03,16.6,16.8,16.5,16.6,15.5551,2134200
20170504,2017-05-04,16.6,17.05,16.45,16.8,15.7425,3603070
20170505,2017-05-05,16.8,16.8,16.4,16.55,15.5082,2558190
20170508,2017-05-08,16.65,16.65,16.3,16.5,15.4614,2750130
20170509,2017-05-09,16.4,16.7,16.35,16.6,15.5551,3390050
20170510,2017-05-10,16.6,17.3,16.6,17.1,16.0236,6204060
20170511,2017-05-11,17.1,17.25,17,17,15.9299,3438740
20170512,2017-05-12,17,17.3,16.9,16.95,15.883,3232780
20170515,2017-05-15,16.9,16.95,16.7,16.9,15.8362,3094730
20170516,2017-05-16,17,17.05,16.7,16.9,15.8362,3557650
20170517,2017-05-17,16.8,16.9,16.65,16.7,15.6488,2289770
20170518,2017-05-18,16.7,17.05,16.65,16.8,15.7425,3270310
20170519,2017-05-19,16.85,17.2,16.75,17.2,16.1173,5387170
20170522,2017-05-22,17.4,18.4,17.4,18.4,17.2418,15701040
20170523,2017-05-23,18.4,19.15,18.15,18.55,17.3823,10107090
20170524,2017-05-24,18.45,19.35,18.3,19.25,18.0383,9620910
20170525,2017-05-25,19.25,19.7,19,19.1,17.8977,8562650
20170526,2017-05-26,19,19.5,19,19.5,18.2725,6662620
20170529,2017-05-29,19.5,19.8,18.9,19,17.804,6835440
20170530,2017-05-30,18.9,19.2,18.35,18.35,17.1949,7521710
20170531,2017-05-31,18.35,18.6,18.15,18.45,17.2886,4665780
20170601,2017-06-01,18.5,18.65,18.3,18.3,17.1481,3182440
20170602,2017-06-02,18.3,18.4,17.95,18.25,17.1012,5040700
20170605,2017-06-05,18.5,18.8,18.4,18.7,17.5229,3173120
20170606,2017-06-06,18.6,19.45,18.5,19.4,18.1788,8701470
20170607,2017-06-07,19.5,19.75,19.3,19.4,18.1788,6665550
20170608,2017-06-08,19.3,19.4,18.9,19.1,17.8977,3776460
20170609,2017-06-09,19.1,19.25,18.8,18.85,17.6634,4780100
20170612,2017-06-12,18.9,19.25,18.75,18.95,17.7571,4459550
20170613,2017-06-13,19,19.7,18.9,19.5,18.2725,4418920
20170614,2017-06-14,19.7,20.1,19.65,20,18.741,7438470
20170615,2017-06-15,20.1,20.1,19.65,19.8,18.5536,5827220
20170616,2017-06-16,19.7,19.9,19.65,19.75,18.5068,3740610
20170619,2017-06-19,20,20.05,19.8,20,18.741,4812540
20170620,2017-06-20,20.3,20.6,20.1,20.55,19.2564,6648680
20170621,2017-06-21,20.4,20.6,19.85,20.3,19.0222,7245070
20170622,2017-06-22,20.4,20.5,19.85,19.85,18.6005,4700650
20170623,2017-06-23,19.7,19.9,19.6,19.9,18.6473,4067480
20170626,2017-06-26,19.9,20.35,19.8,20.2,18.9285,4079030
20170627,2017-06-27,20.2,20.35,19.9,19.9,18.6473,3955780
20170628,2017-06-28,19.85,20.2,19.7,19.95,18.6942,3584220
20170629,2017-06-29,20.15,20.6,20.15,20.3,19.0222,5414500
20170630,2017-06-30,20.2,20.4,20.2,20.4,19.1159,2718220
20170703,2017-07-03,20.4,20.95,20.4,20.7,19.397,3702190
20170704,2017-07-04,20.9,20.9,20.2,20.3,19.0222,3960190
20170705,2017-07-05,20.35,20.45,20.2,20.4,19.1159,3792250
20170706,2017-07-06,20.5,20.7,20.15,20.3,19.0222,5082620
20170707,2017-07-07,20.3,20.6,20.15,20.2,18.9285,4883780
20170710,2017-07-10,20.2,20.3,19.7,19.7,18.4599,4280320
20170711,2017-07-11,19.7,19.75,19.05,19.7,18.4599,2406080
20170712,2017-07-12,19.7,19.7,19.3,19.3,18.0851,2218530
20170713,2017-07-13,19.3,19.65,19.25,19.55,18.3194,1427810
20170714,2017-07-14,19.7,19.7,19.3,19.3,18.0851,1615650
20170717,2017-07-17,19.45,19.5,18.85,18.9,17.7103,2508150
20170718,2017-07-18,18.85,19.1,18.7,18.95,17.7571,1988430
20170719,2017-07-19,19.15,19.25,19,19.05,17.8508,1785650
20170720,2017-07-20,19.25,19.6,19,19.6,18.3662,2885390
20170721,2017-07-21,19.7,19.8,19.25,19.25,18.0383,2846690
20170724,2017-07-24,19.2,19.5,18.95,19.4,18.1788,1521320
20170725,2017-07-25,19.4,20.5,19.4,20.5,19.2096,4854620
20170726,2017-07-26,20.4,20.9,20.35,20.6,19.3033,4938950
20170727,2017-07-27,20.6,20.85,20.4,20.7,19.397,3954610
20170728,2017-07-28,20.85,21.2,20.6,21,19.6781,5408060
20170731,2017-07-31,21.1,22.35,21.1,22.2,20.8026,6728350
20170801,2017-08-01,22,22.35,21.8,22.2,20.8026,3554410
20170802,2017-08-02,21.85,22.95,21.65,22.45,21.0368,6829100
20170803,2017-08-03,22.4,23,22.4,22.9,21.4585,4418090
20170804,2017-08-04,22.9,22.9,22.4,22.4,20.99,2565930
20170807,2017-08-07,22.2,22.55,22.2,22.5,21.0837,3107320
20170808,2017-08-08,22.6,22.7,22.4,22.6,21.1774,2963240
20170809,2017-08-09,22.1,22.1,20.4,20.4,19.7276,9682480
20170810,2017-08-10,20.2,20.8,19.4,20.3,19.6309,4450650
20170811,2017-08-11,20.2,20.4,19.8,20.3,19.6309,2439370
20170814,2017-08-14,20.3,20.8,20,20.8,20.1144,1736920
20170815,2017-08-15,20.75,20.8,20.3,20.3,19.6309,1784120
20170816,2017-08-16,20.3,20.4,19.8,20,19.3408,2001570
20170817,2017-08-17,20,20.15,19.1,19.2,18.5671,5639850
20170818,2017-08-18,19,20,18.8,19.75,19.099,2250620
20170821,2017-08-21,19.75,19.85,19.2,19.65,19.0023,1027780
20170822,2017-08-22,19.6,19.6,19.15,19.15,18.5188,1799420
20170823,2017-08-23,19.15,19.5,19.05,19.4,18.7605,1180060
20170824,2017-08-24,19.45,19.9,19.4,19.8,19.1474,2016560
20170825,2017-08-25,19.9,20.1,19.7,19.75,19.099,1774880
20170828,2017-08-28,19.75,19.9,19.55,19.65,19.0023,1189610
20170829,2017-08-29,19.65,19.9,19.6,19.65,19.0023,1636320
20170830,2017-08-30,19.7,19.7,19.35,19.35,18.7122,1728800
20170831,2017-08-31,19.4,20.7,19.35,20.7,20.0177,5421350
20170901,2017-09-01,21.1,21.6,20.75,21.05,20.3561,3772890
20170905,2017-09-05,21,21,20.6,20.95,20.2594,1769650
20170906,2017-09-06,20.7,20.9,20.45,20.6,19.921,2638220
20170907,2017-09-07,20.55,21.2,20.55,20.85,20.1627,2388710
20170908,2017-09-08,20.85,20.85,20.35,20.35,19.6792,2150240
20170911,2017-09-11,20.2,20.6,20,20.2,19.5342,1595410
20170912,2017-09-12,20.1,20.7,20.05,20.5,19.8243,1086660
20170913,2017-09-13,20.65,20.7,20.35,20.5,19.8243,865900
20170914,2017-09-14,20.35,20.85,20.3,20.65,19.9693,1630270
20170915,2017-09-15,20.65,20.65,20.35,20.4,19.7276,761660
20170918,2017-09-18,20.4,20.7,20.35,20.5,19.8243,1867500
20170919,2017-09-19,20.6,20.85,20.45,20.65,19.9693,1771760
20170920,2017-09-20,20.65,20.65,20.4,20.5,19.8243,1165030
20170921,2017-09-21,20.4,20.9,20.35,20.85,20.1627,3542580
20170922,2017-09-22,20.7,20.9,20.6,20.6,19.921,1539180
20170925,2017-09-25,20.6,20.65,20.3,20.4,19.7276,1296670
20170926,2017-09-26,20.4,20.6,20.35,20.4,19.7276,1400280
20170927,2017-09-27,20.4,20.5,20.2,20.2,19.5342,1270120
20170928,2017-09-28,20.2,20.4,19.65,19.65,19.0023,2620840
20170929,2017-09-29,19.65,19.85,19.6,19.6,18.9539,2047180
20171002,2017-10-02,19.6,20,19.6,19.7,19.0506,1316100
20171003,2017-10-03,19.8,20.2,19.7,19.85,19.1957,2747020
20171004,2017-10-04,19.9,20.2,19.85,20.05,19.3891,1798560
20171005,2017-10-05,20.2,20.25,19.85,19.9,19.2441,1259970
20171006,2017-10-06,19.85,20.2,19.8,19.95,19.2924,2512220
20171009,2017-10-09,20.2,20.3,20,20,19.3408,1931480
20171010,2017-10-10,20,20.2,19.95,20,19.3408,786110
20171011,2017-10-11,20.1,20.45,20.05,20.3,19.6309,2054250
20171012,2017-10-12,20.3,20.45,20.15,20.15,19.4858,1237240
20171013,2017-10-13,20.1,20.25,20.05,20.2,19.5342,720350
20171016,2017-10-16,20.2,20.45,20.2,20.35,19.6792,1723790
20171017,2017-10-17,20.4,21.5,20.4,21.5,20.7913,5851150
20171018,2017-10-18,21.5,21.7,21.3,21.4,20.6946,3877330
20171019,2017-10-19,21.2,21.35,20.8,21.25,20.5496,2221120
20171020,2017-10-20,21.1,21.45,21.1,21.4,20.6946,2795090
20171023,2017-10-23,21.2,21.45,20.8,20.9,20.2111,2104280
20171024,2017-10-24,20.65,20.9,20.6,20.75,20.066,991780
20171025,2017-10-25,20.7,21.3,20.7,21,20.3078,1419710
20171026,2017-10-26,20.9,21.2,20.3,20.7,20.0177,1949360
20171027,2017-10-27,20.7,21.2,20.55,21.2,20.5012,1525120
20171030,2017-10-30,21.2,22.3,21.2,21.85,21.1298,5516030
20171031,2017-10-31,21.8,22.15,21.5,21.85,21.1298,2860900
20171101,2017-11-01,21.85,22.45,21.85,22.4,21.6616,2540230
20171102,2017-11-02,22.4,22.55,21.5,21.9,21.1781,2240060
20171103,2017-11-03,21.8,22.4,21.5,22.4,21.6616,2000100
20171106,2017-11-06,22.4,22.85,22.25,22.85,22.0968,2248950
20171107,2017-11-07,22.7,23.05,22.6,22.85,22.0968,2397470
20171108,2017-11-08,22.85,23.8,22.7,23.8,23.0155,3162900
20171109,2017-11-09,23.8,23.9,23.4,23.5,22.7254,2328420
20171110,2017-11-10,23.3,24.2,23.3,23.6,22.8221,2655350
20171113,2017-11-13,23.65,23.95,23.6,23.95,23.1606,1456000
20171114,2017-11-14,23.95,24.4,23.5,24.3,23.499,1976900
20171115,2017-11-15,24.4,24.4,24,24.2,23.4023,1143070
20171116,2017-11-16,24.05,24.35,23.7,24.15,23.354,2383080
20171117,2017-11-17,24.2,24.3,23.5,24.05,23.2573,2518270
20171120,2017-11-20,23.8,24.15,23.65,24,23.2089,1424750
20171121,2017-11-21,24,24.5,24,24.05,23.2573,2397310
20171122,2017-11-22,24.05,25.7,24,25.7,24.8529,4041890
20171123,2017-11-23,26,26.5,25.3,25.3,24.4661,2648530
20171124,2017-11-24,25.3,25.55,25,25.3,24.4661,1762130
20171127,2017-11-27,25.3,25.55,25.1,25.2,24.3694,1300640
20171128,2017-11-28,25.2,25.4,24.55,25,24.1759,1735860
20171129,2017-11-29,24.9,25.6,24.9,25.6,24.7562,1644260
20171130,2017-11-30,26,26.3,25.5,25.65,24.8045,1539270
20171201,2017-12-01,25.6,25.65,25.4,25.5,24.6595,1313000
20171204,2017-12-04,25.7,26.2,25.5,25.5,24.6595,1010470
20171205,2017-12-05,25.7,25.7,24.9,24.9,24.0792,2429510
20171206,2017-12-06,24.7,24.9,24.5,24.85,24.0309,1856030
20171207,2017-12-07,25,25.15,24.55,25,24.1759,642950
20171208,2017-12-08,25.05,25.2,24.65,25,24.1759,853010
20171211,2017-12-11,23.9,24.8,23.9,24,23.2089,1236890
20171212,2017-12-12,24,24.4,22.35,24.1,23.3056,2619460
20171213,2017-12-13,24.1,24.2,23.65,23.9,23.1122,2017220
20171214,2017-12-14,23.8,24.5,23.25,24.45,23.6441,1472190
20171215,2017-12-15,24.2,24.45,23.85,24.3,23.499,642650
20171218,2017-12-18,24.3,24.5,24.2,24.35,23.5474,1023650
20171219,2017-12-19,24.35,24.7,24.1,24.1,23.3056,939300
20171220,2017-12-20,24.1,24.7,24.05,24.5,23.6924,873610
20171221,2017-12-21,24.5,24.8,24.2,24.2,23.4023,1312160
20171222,2017-12-22,23.9,24.2,23.5,23.85,23.0639,1931970
20171225,2017-12-25,24.2,24.3,23.7,23.8,23.0155,572480
20171226,2017-12-26,23.8,24.1,23.5,24.1,23.3056,1009560
20171227,2017-12-27,24.25,24.65,24.05,24.4,23.5957,1201510
20171228,2017-12-28,24.4,25.1,24.4,24.75,23.9342,1382650
20171229,2017-12-29,25.05,25.5,24.75,25.5,24.6595,2593290
20180102,2018-01-02,25.5,27,25.2,27,26.11,2903770
20180103,2018-01-03,27,27.05,26.5,26.8,25.9166,2458110
20180104,2018-01-04,26.8,27.7,26.55,27.55,26.6419,4424190
20180105,2018-01-05,27.5,27.55,26.95,27.4,26.4968,1908830
20180108,2018-01-08,27.7,28.2,27.4,27.85,26.932,2053870
20180109,2018-01-09,27.85,27.95,26,27.4,26.4968,4214750
20180110,2018-01-10,27.4,28.25,27.3,27.45,26.5452,2817750
20180111,2018-01-11,27.5,27.75,27.15,27.6,26.6902,1566970
20180112,2018-01-12,27.2,27.55,27.1,27.25,26.3518,2484840
20180115,2018-01-15,27.05,27.7,26.75,27.3,26.4001,1787190
20180116,2018-01-16,27.35,27.9,27.25,27.7,26.787,2368450
20180117,2018-01-17,27.7,28.1,27,27,26.11,2847680
20180118,2018-01-18,26.6,27.1,26.3,27.1,26.2067,1833010
20180119,2018-01-19,27.2,27.3,26.6,26.9,26.0133,3553540
20180122,2018-01-22,26.9,28.6,26.85,28.45,27.5122,5040120
20180125,2018-01-25,29.1,30.4,28.8,30.4,29.398,7986250
20180126,2018-01-26,32.5,32.5,31.5,32.5,31.4287,5677170
20180129,2018-01-29,33,34.75,33,34.6,33.4595,4395390
20180130,2018-01-30,32.85,36,32.85,36,34.8134,3283230
20180131,2018-01-31,37.2,37.25,34.2,34.2,33.0727,1755870
20180201,2018-02-01,34.5,34.55,32.9,33.7,32.5892,1894280
20180202,2018-02-02,33.3,34.3,33.1,33.7,32.5892,1771520
20180205,2018-02-05,33.2,33.4,31.35,31.35,30.3166,2790640
20180206,2018-02-06,29.2,30.8,29.2,29.2,28.2375,3316700
20180207,2018-02-07,31.2,31.2,30,31.2,30.1716,2058050
20180208,2018-02-08,31.2,32.8,31.2,32.2,31.1386,2043470
20180209,2018-02-09,30,33,29.95,32.3,31.2353,1800170
20180212,2018-02-12,33,34.55,32.5,34.55,33.4112,2363270
20180213,2018-02-13,36.4,36.5,35,35.4,34.2331,2458380
20180221,2018-02-21,36,37.85,35.6,37.4,36.1672,2137010
20180222,2018-02-22,37,38.6,36.75,36.8,35.587,2856780
20180223,2018-02-23,37,37.5,35.9,37.1,35.8771,3624350
20180226,2018-02-26,37.9,38.75,37.4,38.1,36.8441,3516600
20180227,2018-02-27,38.1,38.8,37.6,38.15,36.8925,2216610
20180228,2018-02-28,37.9,39.5,37.65,39,37.7145,4521850
20180301,2018-03-01,38.6,39.6,37.5,37.8,36.554,2634150
20180302,2018-03-02,37,38,36.9,37.8,36.554,2378830
20180305,2018-03-05,38.25,38.4,35.2,35.2,34.0397,2589100
20180306,2018-03-06,36,37.65,35.45,37.65,36.409,2525060
20180307,2018-03-07,38,38.1,36.9,37.5,36.2639,2053190
20180308,2018-03-08,37.5,38,37,37.2,35.9738,1132070
20180309,2018-03-09,37.5,38,37,37.25,36.0222,2263330
20180312,2018-03-12,38.7,39,38,38.6,37.3277,2014660
20180313,2018-03-13,38.6,39.2,38,39.2,37.9079,1980080
20180314,2018-03-14,39.8,39.8,38.9,39,37.7145,1996080
20180315,2018-03-15,39,41.7,38.7,41.7,40.3255,3528060
20180316,2018-03-16,42.3,43.5,41.8,42.8,41.3892,2628200
20180319,2018-03-19,43,43.1,41.2,41.7,40.3255,2366180
20180320,2018-03-20,41.2,43.1,41,42.5,41.0991,1866550
20180321,2018-03-21,43.5,43.8,42.6,43.5,42.0661,1606790
20180322,2018-03-22,43.5,44.5,43.25,44.3,42.8398,2525390
20180323,2018-03-23,43.5,43.6,41.4,42.35,40.9541,3661530
20180326,2018-03-26,42,44.9,42,44.9,43.42,1932890
20180327,2018-03-27,46,46.6,44.1,44.1,42.6464,2941390
20180328,2018-03-28,44,44.75,43.4,44.55,43.0815,1672540
20180329,2018-03-29,44.55,44.7,43.8,44,42.5497,896470
20180330,2018-03-30,43.8,43.95,42.65,43.4,41.9694,2211040
20180402,2018-04-02,43.8,45,42.95,45,43.5167,2610170
20180403,2018-04-03,45.3,45.8,44.7,45.1,43.6134,1340170
20180404,2018-04-04,45.1,45.45,44.8,44.8,43.3233,1511210
20180405,2018-04-05,44.8,44.8,43.75,44,42.5497,1744010
20180406,2018-04-06,44.2,44.7,43.8,44,42.5497,1469830
20180409,2018-04-09,44.3,45,43.4,44.4,42.9365,2724810
20180410,2018-04-10,44.9,46.4,44.8,45.5,44.0002,4181500
20180411,2018-04-11,46.8,46.8,44,44.5,43.0332,2384910
20180412,2018-04-12,44.3,45,43.6,44.4,42.9365,1816480
20180413,2018-04-13,44.5,44.8,41.7,42,40.6156,3369270
20180416,2018-04-16,41,42,40,40,38.6815,2207540
20180417,2018-04-17,40,41.9,39.7,41.9,40.5189,2516280
20180418,2018-04-18,42.7,42.7,40.2,40.2,38.8749,1196420
20180419,2018-04-19,40.2,40.4,37.8,38,36.7474,2755020
20180420,2018-04-20,38.5,39.55,37,39.45,38.1496,2415490
20180423,2018-04-23,39.8,40.65,36.7,36.7,35.4903,3210890
20180424,2018-04-24,37,38.5,35.9,38,36.7474,2503080
20180426,2018-04-26,37.8,38.5,35.5,36.5,35.2969,2207270
20180427,2018-04-27,36.4,38.1,36,36.1,34.9101,2026830
20180502,2018-05-02,36.7,36.9,33.6,33.6,32.4925,1868640
20180503,2018-05-03,32.2,34.9,31.25,33.7,32.5892,4169480
20180504,2018-05-04,34.1,34.5,32.5,32.5,31.4287,1599340
20180507,2018-05-07,32.95,34.75,31.7,34.75,33.6046,3558490
20180508,2018-05-08,34.75,36.95,34.4,35.5,34.3298,3013460
20180509,2018-05-09,35,36.25,34.5,35,33.8463,1843140
20180510,2018-05-10,34.4,35.6,32.55,32.7,31.6221,2834040
20180511,2018-05-11,32.7,34.2,31.5,34,32.8793,2116330
20180514,2018-05-14,34.6,34.7,33.7,34.3,33.1694,918220
20180515,2018-05-15,34.3,35,34,34.6,33.4595,2221560
20180516,2018-05-16,34.1,34.3,33.15,33.2,32.1057,1856760
20180517,2018-05-17,33.2,33.5,32.7,33,31.9123,1502680
20180518,2018-05-18,33,33.4,31,32.95,31.8639,2937450
20180521,2018-05-21,32.95,32.95,31.5,31.5,30.4617,2405890
20180522,2018-05-22,31,31.4,29.3,29.3,28.3342,3119620
20180523,2018-05-23,28.8,30.5,28.75,30.45,29.4463,1819230
20180524,2018-05-24,30.5,30.75,29.45,29.65,28.6727,1089040
20180525,2018-05-25,29.85,30.1,27.7,27.7,26.787,2161610
20180528,2018-05-28,27.1,27.2,25.8,25.8,24.9496,3902270
20180529,2018-05-29,26.5,27.6,25.8,27.6,26.6902,2874020
20180530,2018-05-30,28,28.5,27.35,27.6,26.6902,2144210
20180531,2018-05-31,27.3,29.4,27.3,29.25,28.2859,3412580
20180601,2018-06-01,29,30.7,28.8,29.7,28.721,3634920
20180604,2018-06-04,29,30.6,28.4,30.5,29.4947,4878280
20180605,2018-06-05,30.3,31.2,29.6,30.4,29.398,3066250
20180606,2018-06-06,30.45,31.8,29.8,31.8,30.7518,2532640
20180607,2018-06-07,31.8,32.2,31.2,31.2,30.1716,3704890
20180608,2018-06-08,31.2,31.7,30.8,31.5,30.4617,2683390
20180611,2018-06-11,31.1,31.95,31,31,29.9782,2320290
20180612,2018-06-12,30.3,30.5,28.85,29.6,28.6243,4314510
20180613,2018-06-13,29.6,30,29.15,29.65,28.6727,1672030
20180614,2018-06-14,29.7,29.9,28.3,28.3,27.3672,3869180
20180615,2018-06-15,28,29,27.8,29,28.0441,2262000
20180618,2018-06-18,29,29.05,27.2,27.3,26.4001,2873220
20180619,2018-06-19,26.8,27,25.4,26.8,25.9166,5460120
20180620,2018-06-20,27.1,28,26.65,28,27.0771,2364060
20180621,2018-06-21,27.6,28,26.6,26.8,25.9166,2073850
20180622,2018-06-22,26.05,27.65,26.05,27.5,26.5935,2281830
20180625,2018-06-25,28.05,28.65,27.9,28.2,27.2705,1937980
20180626,2018-06-26,27.5,28.1,27.3,27.8,26.8837,1283390
20180627,2018-06-27,27.8,28.2,26.8,26.8,25.9166,1931320
20180628,2018-06-28,26.4,26.8,25.8,25.9,25.0463,3833920
20180629,2018-06-29,26,26.7,25.7,26,25.143,2112720
20180702,2018-07-02,25.5,26,24.35,24.75,23.9342,3542250
20180703,2018-07-03,24.8,25.15,23.05,23.05,22.2902,4944960
20180704,2018-07-04,23.05,23.15,21.95,22.9,22.1452,4641640
20180705,2018-07-05,22.55,23.05,21.3,21.6,20.888,3044050
20180706,2018-07-06,21.4,23.1,20.85,23.1,22.3386,5061910
20180709,2018-07-09,23.6,24.4,23.25,23.3,22.532,5423120
20180710,2018-07-10,23.7,24.35,23.4,23.65,22.8704,3612750
20180711,2018-07-11,22.8,23,22,22.1,21.3715,5441810
20180712,2018-07-12,22.4,23.6,22.05,23,22.2419,2508790
20180713,2018-07-13,23.5,24,23.3,23.5,22.7254,3138160
20180716,2018-07-16,24,24.4,23.7,24.15,23.354,2912010
20180717,2018-07-17,23.6,25.15,23.6,24.9,24.0792,3991770
20180718,2018-07-18,25,26.2,24.9,26.15,25.288,4012340
20180719,2018-07-19,26,26.2,25.5,25.8,24.9496,3344910
20180720,2018-07-20,25.4,25.9,24.8,25.4,24.5628,4279270
20180723,2018-07-23,25.4,26.2,24.8,24.8,23.9825,3124370
20180724,2018-07-24,24.7,25.5,24,24.8,23.9825,2591310
20180725,2018-07-25,25,25.15,23.6,23.6,22.8221,2773760
20180726,2018-07-26,23.6,24.1,23.25,24.1,23.3056,2364560
20180727,2018-07-27,24.1,24.95,24,24.8,23.9825,2031060
20180730,2018-07-30,25.2,26.3,25,26.3,25.4331,3793610
20180731,2018-07-31,26.2,26.95,25.85,26.3,25.4331,5307160
20180801,2018-08-01,26.3,26.8,26,26.3,25.4331,3487790
20180802,2018-08-02,26,26.2,25.3,26.2,25.3364,3523250
20180803,2018-08-03,26.6,26.7,26.3,26.55,25.6749,2585620
20180806,2018-08-06,26.6,27.6,26.05,26.85,25.965,3262290
20180807,2018-08-07,26.3,27.7,26.3,27.45,26.5452,3707270
20180808,2018-08-08,27.5,29.2,27.5,29.2,28.2375,4507240
20180809,2018-08-09,29.5,29.8,28.8,28.85,27.899,3444030
20180810,2018-08-10,28.6,29.9,28.5,29.9,28.9144,4423770
20180813,2018-08-13,29.7,30.85,29.6,30.5,29.4947,3670180
20180814,2018-08-14,30.5,30.65,29.9,30,29.0111,2187220
20180815,2018-08-15,30.5,30.7,28.6,29.3,28.3342,4946070
20180816,2018-08-16,28.95,30.05,28,30,29.0111,5017400
20180817,2018-08-17,30.6,31.7,30.1,31.1,30.0749,4664800
20180820,2018-08-20,31,31.8,30.8,31.4,30.365,3573200
20180821,2018-08-21,31,33,31,33,31.9123,4070460
20180822,2018-08-22,33.2,33.7,32.4,32.5,31.4287,4346680
20180823,2018-08-23,32.7,33.5,32.2,33.05,31.9606,3335590
20180824,2018-08-24,32.6,33.55,32.6,33.4,32.2991,2775350
20180827,2018-08-27,33.7,34.1,33.45,34,32.8793,2541980
20180828,2018-08-28,34.3,34.3,33.3,33.7,32.5892,2582530
20180829,2018-08-29,33.7,34.1,33.55,33.65,32.5408,2319810
20180830,2018-08-30,33.6,34.9,33.5,34.9,33.7496,3286300
20180831,2018-08-31,34.8,35,34.3,34.4,33.2661,2336200
20180904,2018-09-04,34,34,32.2,32.5,31.4287,4088990
20180905,2018-09-05,32.2,33.35,32.15,33.1,32.009,3283340
20180906,2018-09-06,33.1,33.2,32.4,32.75,31.6705,1923190
20180907,2018-09-07,32.5,34.15,32.5,33.9,32.7826,3171020
20180910,2018-09-10,33.8,34.5,33.5,34,32.8793,3078830
20180911,2018-09-11,34,35.4,33.9,35.3,34.1364,4371130
20180912,2018-09-12,35.5,35.6,34.75,34.75,33.6046,2528070
20180913,2018-09-13,35.2,35.5,34.5,35,33.8463,2984670
20180914,2018-09-14,35.3,35.5,34.7,34.85,33.7013,1656240
20180917,2018-09-17,34.7,35.1,34.2,34.2,33.0727,2164200
20180918,2018-09-18,33.8,35.3,33.5,35.25,34.0881,4127500
20180919,2018-09-19,35.5,35.95,35.2,35.3,34.1364,2943070
20180920,2018-09-20,35.3,35.75,34.85,35.5,34.3298,2304800
20180921,2018-09-21,35.7,35.75,34.65,35.3,34.1364,4631020
20180924,2018-09-24,35.3,35.6,34.85,34.9,33.7496,2423940
20180925,2018-09-25,34.75,35.6,34.6,35,33.8463,1820120
20180926,2018-09-26,34.95,35.45,34.9,34.9,33.7496,1956500
20180927,2018-09-27,35,35.05,34.65,34.65,33.5079,2074090
20180928,2018-09-28,34.9,35.65,34.7,35.2,34.0397,2822910
20181001,2018-10-01,35.2,35.5,34.6,34.75,33.6046,1733190
20181002,2018-10-02,34.8,36.4,34.5,36.2,35.0068,5199330
20181003,2018-10-03,36.3,36.75,36.2,36.65,35.4419,2361360
20181004,2018-10-04,36.7,36.8,36.3,36.75,35.5386,1879790
20181005,2018-10-05,36.4,36.6,35.5,35.5,34.3298,2834960
20181008,2018-10-08,35.2,36.2,34.9,36,34.8134,3268360
20181009,2018-10-09,36.1,36.5,35.8,36.1,34.9101,1270140
20181010,2018-10-10,36.2,36.2,35.2,35.35,34.1848,2080020
20181011,2018-10-11,33.1,34.3,32.9,32.9,31.8155,6573500
20181012,2018-10-12,33,34.15,32,33.8,32.6859,2660970
20181015,2018-10-15,34,34,32.6,32.6,31.5254,1199560
20181016,2018-10-16,32.6,33.5,32.6,33.5,32.3958,1574440
20181017,2018-10-17,34,34.8,33.95,34.6,33.4595,2870340
20181018,2018-10-18,34.4,35.15,33.8,34.6,33.4595,3352560
20181019,2018-10-19,34,34.75,33.8,34.6,33.4595,2010830
20181022,2018-10-22,35,35.45,34.7,35,33.8463,3643590
20181023,2018-10-23,34.8,35.2,33.5,34.9,33.7496,3648830
20181024,2018-10-24,34.9,35,32.6,32.6,31.5254,2230710
20181025,2018-10-25,30.35,32,30.35,31.2,30.1716,4592300
20181026,2018-10-26,32,32.3,30.6,30.6,29.5914,1877950
20181029,2018-10-29,30.5,30.8,28.8,28.9,27.9474,2482950
20181030,2018-10-30,28.5,29.7,27.6,27.6,26.6902,3140410
20181031,2018-10-31,28.5,29.5,28.2,29.5,28.5276,1670350
20181101,2018-11-01,31.45,31.5,30.3,30.35,29.3496,2974110
20181102,2018-11-02,31,32.45,30.8,32.45,31.3804,3469490
20181105,2018-11-05,32,32.8,31.6,32.8,31.7188,1732340
20181106,2018-11-06,33,33.15,31.85,32,30.9452,1834970
20181107,2018-11-07,32,32.85,31.9,32.45,31.3804,2117240
20181108,2018-11-08,33.5,33.5,32.4,32.45,31.3804,1728670
20181109,2018-11-09,32.2,32.5,31.65,31.7,30.6551,1790150
20181112,2018-11-12,31.1,32.45,31.1,32.2,31.1386,1332890
20181113,2018-11-13,31.3,31.75,31,31,29.9782,2054350
20181114,2018-11-14,31,31.5,30,30,29.0111,1511410
20181115,2018-11-15,30,31.8,29.9,31,29.9782,1574190
20181116,2018-11-16,31.5,32.45,31.5,32.2,31.1386,2339880
20181119,2018-11-19,32.2,32.55,32,32.2,31.1386,1520580
20181120,2018-11-20,31.45,32,31.45,31.7,30.6551,1301980
20181121,2018-11-21,31.2,32.2,31.15,32,30.9452,1747970
20181122,2018-11-22,32.2,32.45,31.8,31.85,30.8002,1866110
20181123,2018-11-23,31.8,32.1,31.6,31.7,30.6551,1340870
20181126,2018-11-26,31.4,31.95,31.4,31.65,30.6068,790910
20181127,2018-11-27,31.9,32,31,31.45,30.4133,1382030
20181128,2018-11-28,31.45,31.65,31.3,31.55,30.51,764130
20181129,2018-11-29,31.55,32,31.25,31.25,30.2199,2480990
20181130,2018-11-30,30.6,31.8,30.6,31.4,30.365,2611400
20181203,2018-12-03,32,33.55,31.8,33.55,32.4441,3464870
20181204,2018-12-04,33.55,34.1,33.2,33.4,32.2991,2374250
20181205,2018-12-05,33,34.05,32.8,33.85,32.7342,2574670
20181206,2018-12-06,33.7,33.85,33.2,33.7,32.5892,1984110
20181207,2018-12-07,33.8,34.4,33.65,33.7,32.5892,1220210
20181210,2018-12-10,33.7,34.1,33.25,33.7,32.5892,1556580
20181211,2018-12-11,33.7,33.85,33.4,33.55,32.4441,1148790
20181212,2018-12-12,33.7,34.65,33.4,34.65,33.5079,2225990
20181213,2018-12-13,34.95,34.95,34.3,34.3,33.1694,1610470
20181214,2018-12-14,34.2,34.8,33.8,33.9,32.7826,1214630
20181217,2018-12-17,33.45,34.05,33.2,33.2,32.1057,2272850
20181218,2018-12-18,32.7,33.65,32.5,33.65,32.5408,2348370
20181219,2018-12-19,33.65,33.95,33.3,33.3,32.2024,1314340
20181220,2018-12-20,33.5,34.25,33.4,33.95,32.8309,1635620
20181221,2018-12-21,33.8,34.05,33.4,34,32.8793,706310
20181224,2018-12-24,34,34.75,33.8,34,32.8793,1857900
20181225,2018-12-25,33.2,33.75,31.7,32.75,31.6705,1827680
20181226,2018-12-26,32.75,33.45,32.55,32.6,31.5254,1036860
20181227,2018-12-27,33.8,34.45,33.55,34,32.8793,1643520
20181228,2018-12-28,33.8,34.4,33.65,34.4,33.2661,2131820
20190102,2019-01-02,34.4,34.4,33.45,33.5,32.3958,805700
20190103,2019-01-03,33.5,33.8,32,32,30.9452,1107500
20190104,2019-01-04,31.5,31.95,30.8,31.55,30.51,1457300
20190107,2019-01-07,32,33,32,32.3,31.2353,806060
20190108,2019-01-08,32.6,32.6,31.9,32,30.9452,558540
20190109,2019-01-09,32.3,33.05,32.1,33,31.9123,1075730
20190110,2019-01-10,33,33.1,32.5,32.5,31.4287,410690
20190111,2019-01-11,32.5,32.8,31.85,31.9,30.8485,941940
20190114,2019-01-14,31.9,32.35,31.45,31.9,30.8485,755920
20190115,2019-01-15,31.75,32.8,31.75,32.5,31.4287,580710
20190116,2019-01-16,32.7,32.75,32.2,32.2,31.1386,363680
20190117,2019-01-17,32.2,32.4,31.9,31.95,30.8969,297560
20190118,2019-01-18,31.95,32.3,31.65,31.7,30.6551,509140
20190121,2019-01-21,32,33.35,31.7,32.85,31.7672,1207560
20190122,2019-01-22,32.9,33.1,32.7,32.75,31.6705,563940
20190123,2019-01-23,32.4,32.85,32.1,32.7,31.6221,457760
20190124,2019-01-24,32.55,32.85,32.5,32.5,31.4287,579540
20190125,2019-01-25,32.7,32.7,32,32.05,30.9936,570980
20190128,2019-01-28,32.05,32.35,31.8,31.9,30.8485,545190
20190129,2019-01-29,31.9,31.9,31.55,31.7,30.6551,635890
20190130,2019-01-30,31.9,32.25,31.6,31.7,30.6551,429410
20190131,2019-01-31,32.2,32.2,31.5,31.5,30.4617,678130
20190201,2019-02-01,31.45,31.85,31.4,31.6,30.5584,537050
20190211,2019-02-11,31.85,32.25,31.8,31.95,30.8969,631710
20190212,2019-02-12,32.05,32.7,32.05,32.45,31.3804,1395780
20190213,2019-02-13,32.55,32.6,32.25,32.5,31.4287,1557810
20190214,2019-02-14,32.5,32.55,32.35,32.4,31.332,1018550
20190215,2019-02-15,32.35,33.8,32.1,33.15,32.0573,1622530
20190218,2019-02-18,33.5,33.7,33.2,33.5,32.3958,955540
20190219,2019-02-19,33.5,33.75,32.9,32.9,31.8155,1143130
20190220,2019-02-20,32.8,34.9,32.65,34,32.8793,2361110
20190221,2019-02-21,34.25,34.65,34,34.25,33.121,2157870
20190222,2019-02-22,34.2,34.7,34,34,32.8793,1459730
20190225,2019-02-25,34.5,34.5,33.7,34,32.8793,1687500
20190226,2019-02-26,33.7,34,33.5,33.6,32.4925,1409740
20190227,2019-02-27,33.6,33.95,33.5,33.6,32.4925,749060
20190228,2019-02-28,33.6,33.75,32.5,32.5,31.4287,1793480
20190301,2019-03-01,32.6,33.1,32.6,32.85,31.7672,1153130
20190304,2019-03-04,33.1,33.75,33,33.6,32.4925,918340
20190305,2019-03-05,33.2,35.3,33.2,34.6,33.4595,4215640
20190306,2019-03-06,34.6,34.9,34.4,34.75,33.6046,1601660
20190307,2019-03-07,35,35.25,34.7,34.9,33.7496,1702650
20190308,2019-03-08,34.45,34.7,33.9,34,32.8793,1808960
20190311,2019-03-11,34.1,34.1,33.45,33.65,32.5408,1137250
20190312,2019-03-12,34.1,35.5,33.8,35.5,34.3298,1690500
20190313,2019-03-13,35.3,35.95,35.2,35.6,34.4266,2860920
20190314,2019-03-14,35.6,36.7,35.2,36.2,35.0068,2651040
20190315,2019-03-15,36.2,37.5,35.9,37.2,35.9738,3180240
20190318,2019-03-18,37.2,37.6,36.9,37.3,36.0705,2925810
20190319,2019-03-19,37.15,37.3,36.5,36.6,35.3936,2819110
20190320,2019-03-20,36.15,36.5,35.5,36.1,34.9101,2700620
20190321,2019-03-21,36.25,36.65,34.8,34.8,33.6529,2239650
20190322,2019-03-22,35.4,35.7,34.8,35.1,33.943,1877120
20190325,2019-03-25,34.1,35,33.5,34.5,33.3628,2092900
20190326,2019-03-26,34.9,35.1,34.2,34.3,33.1694,1042090
20190327,2019-03-27,34.85,35.1,34.3,34.9,33.7496,1236550
20190328,2019-03-28,34.45,35.85,34.45,35.6,34.4266,2196570
20190329,2019-03-29,35.6,36,35.6,35.8,34.62,1654790
20190401,2019-04-01,35.8,36.3,35.3,35.5,34.3298,909820
20190402,2019-04-02,36,36,34.8,34.8,33.6529,1453530
20190403,2019-04-03,34.8,36.1,34.45,35.7,34.5233,1895710
20190404,2019-04-04,36,36,35.15,35.3,34.1364,1058540
20190405,2019-04-05,35.3,35.7,34.8,35.05,33.8947,737650
20190408,2019-04-08,34.8,35.55,34.8,35.5,34.3298,1042660
20190409,2019-04-09,35.5,36.2,35.5,35.75,34.5716,2081540
20190410,2019-04-10,35.75,35.8,35.2,35.2,34.0397,522520
20190411,2019-04-11,35.3,35.5,34.95,35.15,33.9914,643960
20190412,2019-04-12,35.1,35.2,34.7,34.75,33.6046,894410
20190416,2019-04-16,34.6,35.6,34.2,35.5,34.3298,1404520
20190417,2019-04-17,35.5,35.5,34.8,34.8,33.6529,852450
20190418,2019-04-18,34.8,35.4,34.65,34.8,33.6529,1016060
20190419,2019-04-19,34.8,35.2,34.7,34.85,33.7013,293870
20190422,2019-04-22,34.85,34.85,33.95,34.2,33.0727,687460
20190423,2019-04-23,34.6,34.6,33.95,34.2,33.0727,1005740
20190424,2019-04-24,34.5,34.8,34.3,34.6,33.4595,538100
20190425,2019-04-25,34.6,35,34.5,34.5,33.3628,464620
20190426,2019-04-26,34.5,34.9,34.5,34.8,33.6529,484200
20190502,2019-05-02,35,35,34.5,34.5,33.3628,483460
20190503,2019-05-03,34.5,34.8,34.2,34.2,33.0727,555330
20190506,2019-05-06,33.65,33.9,33,33.1,32.009,1220260
20190507,2019-05-07,33.3,33.9,32.9,33.1,32.009,949150
20190508,2019-05-08,32.7,33,32.35,32.35,31.2837,1127910
20190509,2019-05-09,32.65,32.8,31,31.1,30.0749,1937960
20190510,2019-05-10,31.5,32.2,31.4,32,30.9452,1098030
20190513,2019-05-13,32,32.8,32,32.7,31.6221,778440
20190514,2019-05-14,32.45,32.6,32,32.4,31.332,1091640
20190515,2019-05-15,32.6,33.1,32.3,32.9,31.8155,1460060
20190516,2019-05-16,32.95,33,32.45,32.6,31.5254,776200
20190517,2019-05-17,32.7,32.7,32,32.15,31.0903,938600
20190520,2019-05-20,32.1,32.9,32.1,32.7,31.6221,960860
20190521,2019-05-21,32.7,33.25,32.6,33.05,31.9606,1716340
20190522,2019-05-22,33.05,33.6,33.05,33.2,32.1057,1262730
20190523,2019-05-23,33,33.4,32.6,33.4,32.2991,795270
20190524,2019-05-24,33.1,33.25,32.5,32.5,31.4287,1510920
20190527,2019-05-27,32.5,32.7,32.4,32.6,31.5254,526030
20190528,2019-05-28,32.5,32.8,32.15,32.3,31.2353,881610
20190529,2019-05-29,32.3,32.45,31.95,32,30.9452,896960
20190530,2019-05-30,32.2,32.3,31.8,31.8,30.7518,671830
20190531,2019-05-31,31.65,31.9,31.45,31.5,30.4617,914150
20190603,2019-06-03,31.4,31.5,30.6,30.6,29.5914,1299050
20190604,2019-06-04,30.6,32,30.55,32,30.9452,867040
20190605,2019-06-05,32,32.2,31.4,31.4,30.365,482730
20190606,2019-06-06,31.4,31.7,30.9,31.3,30.2683,329600
20190607,2019-06-07,31.3,31.7,31.3,31.7,30.6551,459310
20190610,2019-06-10,31.8,32.1,31.7,31.7,30.6551,471530
20190611,2019-06-11,31.8,32,31.6,31.9,30.8485,584390
20190612,2019-06-12,31.7,31.9,31.45,31.5,30.4617,351310
20190613,2019-06-13,31.4,31.75,31.4,31.5,30.4617,289140
20190614,2019-06-14,31.7,32.25,31.5,32.15,31.0903,1589620
20190617,2019-06-17,32.2,32.55,31.95,32.1,31.0419,693710
20190618,2019-06-18,31.9,32.1,31.7,32,30.9452,273680
20190619,2019-06-19,32.4,32.4,31.95,32,30.9452,461820
20190620,2019-06-20,32,32.7,31.9,32.65,31.5738,1142380
20190621,2019-06-21,32.7,32.95,32.45,32.5,31.4287,501660
20190624,2019-06-24,32.65,33,32.4,32.6,31.5254,750120
20190625,2019-06-25,32.6,32.7,32.1,32.1,31.0419,734450
20190626,2019-06-26,32,32.55,31.9,32.5,31.4287,1052510
20190627,2019-06-27,32.45,32.45,32,32,30.9452,664820
20190628,2019-06-28,32,32.2,31.4,31.7,30.6551,653190
20190701,2019-07-01,32.2,32.5,32.1,32.35,31.2837,550440
20190702,2019-07-02,32.1,32.4,32.05,32.05,30.9936,454740
20190703,2019-07-03,32,32.4,32,32.1,31.0419,409880
20190704,2019-07-04,32.4,32.85,32.2,32.8,31.7188,1147150
20190705,2019-07-05,32.65,33.2,32.6,32.8,31.7188,1204780
20190708,2019-07-08,32.9,32.9,32.4,32.55,31.4771,564180
20190709,2019-07-09,32.4,32.7,32.4,32.6,31.5254,403680
20190710,2019-07-10,32.6,32.85,32.4,32.4,31.332,699090
20190711,2019-07-11,32.6,33.5,32.4,33.45,32.3474,2461040
20190712,2019-07-12,33.5,33.8,33.3,33.4,32.2991,1417000
20190715,2019-07-15,33.3,33.5,33.25,33.3,32.2024,913470
20190716,2019-07-16,33.45,34.55,33.45,34.55,33.4112,3287930
20190717,2019-07-17,34.5,34.9,34.25,34.55,33.4112,1551860
20190718,2019-07-18,34.45,34.7,34.2,34.7,33.5562,1442460
20190719,2019-07-19,35,35.4,34.7,34.9,33.7496,1713010
20190722,2019-07-22,35.2,35.95,35,35.75,34.5716,2863060
20190723,2019-07-23,35.75,35.75,34.7,35.25,34.0881,2132860
20190724,2019-07-24,35.4,35.4,34.2,34.45,33.3145,1886280
20190725,2019-07-25,34.3,35.2,34.3,35.2,34.0397,1316210
20190726,2019-07-26,35,35.9,35,35.8,34.62,2184360
20190729,2019-07-29,35.7,35.8,35.3,35.8,34.62,1351320
20190730,2019-07-30,35.6,35.6,34.95,35,33.8463,1623110
20190731,2019-07-31,35,35.5,34.7,35.5,34.3298,933640
20190801,2019-08-01,35.5,35.5,35.05,35.45,34.2815,744670
20190802,2019-08-02,35,36,34.9,35.8,34.62,1824090
20190805,2019-08-05,35.5,35.8,35.45,35.8,34.62,1969000
20190806,2019-08-06,34.5,35.65,34.5,35.2,34.0397,1229640
20190807,2019-08-07,35.35,35.5,34.7,34.7,33.5562,1081380
20190808,2019-08-08,34.7,35.15,34.65,34.7,33.5562,908980
20190809,2019-08-09,35,35,34.2,34.7,33.5562,997910
20190812,2019-08-12,34.85,35.4,34.05,35.35,34.1848,1373320
20190813,2019-08-13,35.05,35.4,34.75,34.9,33.7496,817060
20190814,2019-08-14,35.3,35.4,34.75,35.1,33.943,520650
20190815,2019-08-15,34.5,35.1,34.5,35.1,33.943,551130
20190816,2019-08-16,35,36.7,34.9,36,34.8134,3237040
20190819,2019-08-19,36.5,37,36.3,36.7,35.4903,1132960
20190820,2019-08-20,36.95,36.95,36.55,36.8,35.587,800200
20190821,2019-08-21,36.5,38.25,36.5,37.85,36.6024,2691400
20190822,2019-08-22,38,38.1,37.5,37.6,36.3606,1618940
20190823,2019-08-23,37.8,37.8,37.15,37.55,36.3123,977030
20190826,2019-08-26,36.9,37.85,36.6,37.85,36.6024,1806980
20190827,2019-08-27,38.3,38.4,37.5,37.5,36.2639,1170790
20190828,2019-08-28,37.5,38,37.4,37.6,36.3606,932680
20190829,2019-08-29,37.6,37.9,37.35,37.9,36.6507,1330160
20190830,2019-08-30,38.2,38.8,37.95,38.75,37.4727,2186980
20190903,2019-09-03,38.8,39.1,38.65,38.7,37.4244,830420
20190904,2019-09-04,38.7,38.8,38,38.6,37.3277,921560
20190905,2019-09-05,38.8,39.05,38.5,38.5,37.231,939140
20190906,2019-09-06,38.5,38.5,37.55,38,36.7474,1528000
20190909,2019-09-09,38,38.1,37.75,38.1,36.8441,801830
20190910,2019-09-10,37.95,38.6,37.8,38.3,37.0376,1003930
20190911,2019-09-11,38,38.4,37.95,38.2,36.9408,519270
20190912,2019-09-12,38.35,38.75,38,38.65,37.376,1763420
20190913,2019-09-13,38.85,39.85,38.6,39.85,38.5365,2303060
20190916,2019-09-16,39.85,40.8,39.8,40,38.6815,1250810
20190917,2019-09-17,39.7,41,39.4,41,39.6486,1566850
20190918,2019-09-18,40.9,41.25,40.55,41.15,39.7936,1630310
20190919,2019-09-19,41.2,41.25,40.75,40.8,39.4551,1029490
20190920,2019-09-20,40.8,41.1,39.8,40,38.6815,2204400
20190923,2019-09-23,39.7,40.5,39.6,39.65,38.3431,1089550
20190924,2019-09-24,39.8,40,39.45,39.45,38.1496,821180
20190925,2019-09-25,39.25,39.9,38.9,39.9,38.5848,1445080
20190926,2019-09-26,39.9,40.7,39.9,40.15,38.8266,888310
20190927,2019-09-27,40.3,40.4,40.05,40.25,38.9233,876890
20190930,2019-09-30,40.2,40.65,39.4,39.4,38.1013,1429150
20191001,2019-10-01,39.4,40,39.4,40,38.6815,862420
20191002,2019-10-02,40,40.8,39.95,40.2,38.8749,1505190
20191003,2019-10-03,39.8,41.25,39.75,41.25,39.8903,1939160
20191004,2019-10-04,41.3,41.65,40.5,40.5,39.165,884430
20191007,2019-10-07,40.9,40.9,40,40.4,39.0683,807180
20191008,2019-10-08,40.4,41.1,40.1,41.1,39.7453,650420
20191009,2019-10-09,41.1,41.8,40.8,41.25,39.8903,1415560
20191010,2019-10-10,41.25,41.7,41,41,39.6486,1054690
20191011,2019-10-11,41,41.2,40.7,40.8,39.4551,552640
20191014,2019-10-14,41,41.95,40.85,41.15,39.7936,1381960
20191015,2019-10-15,41,41.55,41,41.4,40.0354,631810
20191016,2019-10-16,41.4,41.65,41.15,41.15,39.7936,650130
20191017,2019-10-17,41.35,41.35,40.8,40.8,39.4551,801110
20191018,2019-10-18,40.8,40.8,40,40.1,38.7782,1225560
20191021,2019-10-21,39.7,40,39.3,39.3,38.0046,1281520
20191022,2019-10-22,39.3,40,39.3,40,38.6815,566150
20191023,2019-10-23,40,40.3,39.85,40.1,38.7782,455760
20191024,2019-10-24,40.1,40.5,39.75,40.3,38.9716,513170
20191025,2019-10-25,40,40.55,39.8,40.2,38.8749,968770
20191028,2019-10-28,41.1,41.2,40.6,40.6,39.2617,800080
20191029,2019-10-29,40.9,40.9,40,40.6,39.2617,921380
20191030,2019-10-30,40.5,40.8,40.15,40.2,38.8749,760410
20191031,2019-10-31,40.2,40.7,40.05,40.6,39.2617,777680
20191101,2019-11-01,40.5,41.1,40.3,41,39.6486,1180640
20191104,2019-11-04,41.1,42.45,41.1,42.2,40.809,1744250
20191105,2019-11-05,42.3,42.5,42.15,42.5,41.0991,898400
20191106,2019-11-06,42.35,42.7,42.2,42.2,40.809,821030
20191107,2019-11-07,41.3,41.8,40.8,41.6,40.9086,1105060
20191108,2019-11-08,41.8,42,41.2,41.3,40.6136,729880
20191111,2019-11-11,41.25,41.9,41.1,41.3,40.6136,724450
20191112,2019-11-12,41.4,42.2,41.3,42.1,41.4003,1499510
20191113,2019-11-13,42.2,42.9,42.2,42.9,42.187,1804440
20191114,2019-11-14,43,43,42.1,42.5,41.7937,811080
20191115,2019-11-15,42.65,42.7,42,42,41.302,627650
20191118,2019-11-18,41.8,42.2,41.25,41.3,40.6136,958470
20191119,2019-11-19,41.3,41.7,41.1,41.65,40.9578,676040
20191120,2019-11-20,41.9,41.9,41.25,41.55,40.8595,246520
20191121,2019-11-21,41.5,41.7,41.15,41.2,40.5153,611690
20191122,2019-11-22,41.5,41.5,39.8,40.2,39.5319,1041320
20191125,2019-11-25,40.2,40.6,39.5,39.7,39.0402,822450
20191126,2019-11-26,40.3,40.55,39.8,40,39.3352,406540
20191127,2019-11-27,40.1,41.4,40.1,40.8,40.1219,1060810
20191128,2019-11-28,41,41,40.45,40.65,39.9744,396280
20191129,2019-11-29,40.65,40.9,40.5,40.5,39.8269,391620
20191202,2019-12-02,40.3,40.3,39.4,39.4,38.7452,702050
20191203,2019-12-03,39.4,40.05,39,39.7,39.0402,786830
20191204,2019-12-04,39.7,40.55,39.6,40.35,39.6794,352310
20191205,2019-12-05,40.55,40.6,39.65,40,39.3352,393640
20191206,2019-12-06,39.7,40.2,39.55,39.65,38.9911,374930
20191209,2019-12-09,40,40,39.65,40,39.3352,358570
20191210,2019-12-10,40,40.35,39.75,39.9,39.2369,415660
20191211,2019-12-11,39.9,40.1,39.8,40.1,39.4336,280130
20191212,2019-12-12,40.6,41,40.2,41,40.3186,724090
20191213,2019-12-13,41,41.95,41,41.9,41.2037,1426060
20191216,2019-12-16,42.2,42.25,41.5,41.9,41.2037,841690
20191217,2019-12-17,41.8,41.9,41.3,41.45,40.7611,580480
20191218,2019-12-18,41.1,42.55,41.1,42,41.302,1478200
20191219,2019-12-19,42,42.45,41.4,42.2,41.4987,702550
20191220,2019-12-20,42,42.8,42,42.75,42.0395,712940
20191223,2019-12-23,42.75,44.95,42.75,44.75,44.0063,2442660
20191224,2019-12-24,44.55,45.15,44.3,44.9,44.1538,741520
20191225,2019-12-25,44.1,45.25,44.1,45.2,44.4488,585450
20191226,2019-12-26,45.05,45.35,44.2,44.2,43.4654,525840
20191227,2019-12-27,44.2,46.2,44,46.2,45.4322,1098010
20191230,2019-12-30,46.3,47.15,46,46.1,45.3339,872650
20191231,2019-12-31,46.2,46.5,45.9,46.15,45.383,630410
20200102,2020-01-02,46,47.2,45.9,46.9,46.1206,872620
20200103,2020-01-03,47.35,47.5,46.7,46.7,45.9239,603940
20200106,2020-01-06,46.7,46.7,45.8,45.8,45.0388,794490
20200107,2020-01-07,45.8,46.7,45.2,46.7,45.9239,526890
20200108,2020-01-08,46,47.9,45.8,47.1,46.3172,1230830
20200109,2020-01-09,47.75,49.9,47.6,49.65,48.8249,1573190
20200110,2020-01-10,49.65,52,49.6,51.3,50.4474,1506410
20200113,2020-01-13,49.9,51.5,49.5,50.1,49.2674,544740
20200114,2020-01-14,50.1,51.5,49.9,50.1,49.2674,752200
20200115,2020-01-15,49.9,51.3,49.9,51,50.1524,695290
20200116,2020-01-16,51,54.1,51,54,53.1026,1004080
20200117,2020-01-17,54.1,54.6,53.1,53.5,52.6109,643490
20200120,2020-01-20,53.5,54.2,53.2,53.3,52.4142,761650
20200121,2020-01-21,53.3,54.5,53.3,54,53.1026,609600
20200122,2020-01-22,54,55.8,53.8,55.5,54.5776,781390
20200130,2020-01-30,54.5,54.9,52,52.7,51.8242,1388710
20200131,2020-01-31,52.3,53.6,51.5,51.5,50.6441,1154570
20200203,2020-02-03,49.8,55,47.9,53.5,52.6109,1562560
20200204,2020-02-04,54.4,54.7,53.6,54.4,53.4959,1406270
20200205,2020-02-05,54.9,55.2,53.5,53.5,52.6109,718710
20200206,2020-02-06,53.4,54.1,53,53.2,52.3159,1469930
20200207,2020-02-07,52.7,53.3,51.6,51.7,50.8408,1501140
20200210,2020-02-10,50.9,51.2,49.1,49.1,48.284,1111680
20200211,2020-02-11,49.1,51.4,49.1,50.8,49.9557,917080
20200212,2020-02-12,51.5,51.8,50.7,50.8,49.9557,704550
20200213,2020-02-13,50.7,51,49.9,50.4,49.5624,578820
20200214,2020-02-14,50.1,50.6,50,50,49.169,627040
20200217,2020-02-17,50.2,51.5,50.1,51.5,50.6441,863730
20200218,2020-02-18,51.9,52.6,51.5,52,51.1358,879430
20200219,2020-02-19,52,52.1,51.2,51.3,50.4474,372250
20200220,2020-02-20,51.9,52,51.2,51.3,50.4474,552810
20200221,2020-02-21,51.3,51.3,48.75,49.5,48.6774,2619020
20200224,2020-02-24,48.2,48.8,46.3,46.3,45.5305,1081210
20200225,2020-02-25,45,48.8,45,48.8,47.989,878610
20200226,2020-02-26,47.6,48.3,46.85,47,46.2189,626350
20200227,2020-02-27,47,47.7,46.45,47.1,46.3172,722680
20200228,2020-02-28,46,46.4,45.05,45.5,44.7438,972320
20200302,2020-03-02,45.9,45.9,45,45.15,44.3996,568290
20200303,2020-03-03,46.8,47.75,45.7,46.9,46.1206,1016900
20200304,2020-03-04,47,47,45.9,46.15,45.383,658350
20200305,2020-03-05,46.55,47.25,46.5,46.65,45.8747,872610
20200306,2020-03-06,45.5,47.15,45.5,46.85,46.0714,555990
20200309,2020-03-09,43.7,44.7,43.6,43.6,42.8754,944020
20200310,2020-03-10,42.5,44,41.3,42.4,41.6953,1366220
20200311,2020-03-11,43.5,43.5,39.45,39.45,38.7944,1522030
20200312,2020-03-12,36.75,37.7,36.7,36.7,36.0901,1531140
20200313,2020-03-13,34.15,36.7,34.15,35,34.4183,2330290
20200316,2020-03-16,35,35.95,32.55,32.8,32.2549,2191590
20200317,2020-03-17,30.6,33.9,30.6,33.8,33.2383,1774340
20200318,2020-03-18,34,35.5,33.95,34.55,33.9758,1743970
20200319,2020-03-19,33.95,34.2,32.75,33.4,32.8449,906470
20200320,2020-03-20,33.6,34.05,32.9,33.1,32.5499,771320
20200323,2020-03-23,31,31.9,30.8,30.8,30.2881,2728710
20200324,2020-03-24,31,31.95,30.7,31.6,31.0748,1227020
20200325,2020-03-25,33.4,33.45,32.8,33.2,32.6482,1611980
20200326,2020-03-26,33,34.2,32.15,33.3,32.7466,1148580
20200327,2020-03-27,33.1,33.75,32.4,33,32.4516,1128210
20200330,2020-03-30,31,31.9,30.7,30.9,30.3865,1369430
20200331,2020-03-31,32,32.15,29.5,30.85,30.3373,1018770
20200401,2020-04-01,30.9,33,30.8,32.1,31.5665,1190960
20200403,2020-04-03,32.6,34.3,32.6,34.3,33.73,1547020
20200406,2020-04-06,35.7,36.7,35.1,36.7,36.0901,1881640
20200407,2020-04-07,37.5,37.7,36,37,36.3851,1793050
20200408,2020-04-08,35.8,38,35.1,37.95,37.3193,1456160
20200409,2020-04-09,37.95,38.6,37.65,37.7,37.0735,1349000
20200410,2020-04-10,37.3,37.8,36.7,36.9,36.2868,1198580
20200413,2020-04-13,36.7,37.7,36.6,37.15,36.5326,1056950
20200414,2020-04-14,37.05,37.55,35.8,36.5,35.8934,1220360
20200415,2020-04-15,36.7,37.7,36.7,37.3,36.6801,1107070
20200416,2020-04-16,37.2,37.3,36.75,37.3,36.6801,1210270
20200417,2020-04-17,37.85,38.2,37.2,37.4,36.7784,1151710
20200420,2020-04-20,37.9,38,36.95,37.1,36.4834,1371830
20200421,2020-04-21,36,36.8,34.7,34.7,34.1233,2238980
20200422,2020-04-22,33.1,37.05,33.1,36.2,35.5984,1413800
20200423,2020-04-23,37,37.2,36.1,36.2,35.5984,789930
20200424,2020-04-24,36,36.45,35.3,36,35.4017,592910
20200427,2020-04-27,36.2,36.4,35.1,35.1,34.5167,1205680
20200428,2020-04-28,35.1,35.8,34.5,35.15,34.5658,589490
20200429,2020-04-29,35.6,35.9,35,35.6,35.0084,595490
20200504,2020-05-04,35.6,36.4,35.1,35.3,34.7133,655630
20200505,2020-05-05,35.3,35.8,35.2,35.3,34.7133,427650
20200506,2020-05-06,35.45,36,35.3,36,35.4017,739320
20200507,2020-05-07,36.3,37.6,36.3,37.55,36.926,2524450
20200508,2020-05-08,37.95,39.3,37.55,38,37.3685,2563570
20200511,2020-05-11,38.5,39,37.95,38.5,37.8602,1209730
20200512,2020-05-12,38.3,38.65,37.95,38.55,37.9093,1645960
20200513,2020-05-13,38.3,39.8,37.8,39.6,38.9419,2725900
20200514,2020-05-14,39,40.5,39,39.7,39.0402,1994890
20200515,2020-05-15,39.8,40.1,38.4,38.6,37.9585,1909780
20200518,2020-05-18,38.45,38.9,38,38.9,38.2535,1864370
20200519,2020-05-19,39.9,39.9,38.9,39.1,38.4502,1686240
20200520,2020-05-20,39,39.3,38.5,39.15,38.4994,900670
20200521,2020-05-21,39.5,40.15,39.45,39.7,39.0402,2474770
20200522,2020-05-22,39.7,40,39.3,39.3,38.6469,1140830
20200525,2020-05-25,39.3,39.8,39,39.65,38.9911,888300
20200526,2020-05-26,39.75,42,39.75,42,41.302,2954120
20200527,2020-05-27,42.75,42.75,39.8,39.8,39.1386,2293240
20200528,2020-05-28,40,40.95,39.8,40.7,40.0236,1913890
20200529,2020-05-29,40.4,40.5,39.8,40.1,39.4336,1669730
20200601,2020-06-01,40.3,41.55,40.25,41.45,40.7611,1104330
20200602,2020-06-02,41.5,41.9,40.5,40.55,39.8761,1496600
20200603,2020-06-03,40.9,41.2,40.5,41,40.3186,896130
20200604,2020-06-04,41.2,42.3,41.1,41.8,41.1053,2013380
20200605,2020-06-05,41.8,42.2,41.25,42.1,41.4003,1216160
20200608,2020-06-08,44,44,42.5,44,43.2688,2487930
20200609,2020-06-09,44.1,44.1,43.3,43.35,42.6296,1119590
20200610,2020-06-10,43.1,44.1,42.5,43.5,42.7771,1297400
20200611,2020-06-11,43.5,43.7,40.5,40.5,39.8269,2386670
20200612,2020-06-12,39.5,42.5,39.5,42.5,41.7937,1913590
20200615,2020-06-15,42.3,42.3,39.9,39.9,39.2369,1503480
20200616,2020-06-16,41.5,41.6,40.5,40.7,40.0236,958780
20200617,2020-06-17,40.7,41.1,39.85,40.3,39.6302,817560
20200618,2020-06-18,40.3,40.6,40,40.5,39.8269,629450
20200619,2020-06-19,41.2,41.45,40.7,41.45,40.7611,720420
20200622,2020-06-22,41.5,41.85,40.8,41.3,40.6136,622920
20200623,2020-06-23,41.05,41.35,40.5,40.7,40.0236,1110100
20200624,2020-06-24,40.7,41.2,40.2,40.3,39.6302,692090
20200625,2020-06-25,40,40.25,39.8,40,39.3352,791820
20200626,2020-06-26,40.9,40.9,39.7,39.9,39.2369,717380
20200629,2020-06-29,39.3,39.5,38.4,38.5,37.8602,1334210
20200630,2020-06-30,39,39.05,37.8,37.9,37.2701,862060
20200701,2020-07-01,37.9,39.4,37.9,39.2,38.5485,769310
20200702,2020-07-02,39.45,39.45,38.7,39,38.3519,501500
20200703,2020-07-03,39.25,39.3,38.8,39.1,38.4502,547350
20200706,2020-07-06,39.4,40.2,39.1,40.1,39.4336,757690
20200707,2020-07-07,40.4,40.85,40.25,40.6,39.9253,1097570
20200708,2020-07-08,40.5,40.7,40,40.55,39.8761,768660
20200709,2020-07-09,40.55,41.9,40.55,41.6,40.9086,1531780
20200710,2020-07-10,41.2,41.65,40.75,41.5,40.8103,1030790
20200713,2020-07-13,41.65,41.85,41,41.3,40.6136,1039520
20200714,2020-07-14,40.85,41.3,40.7,41.25,40.5645,990800
20200715,2020-07-15,41.7,41.7,41.3,41.35,40.6628,690440
20200716,2020-07-16,41.35,41.4,41,41.35,40.6628,473290
20200717,2020-07-17,41.4,41.85,41.4,41.6,40.9086,1343600
20200720,2020-07-20,40.8,41.75,40.8,40.8,40.1219,832370
20200721,2020-07-21,41,41,40.35,40.8,40.1219,374580
20200722,2020-07-22,41,41,39.5,40,39.3352,750600
20200723,2020-07-23,40,40.45,39.65,39.85,39.1877,764300
20200724,2020-07-24,39.85,39.85,37.75,38.2,37.5651,1807770
20200727,2020-07-27,36,37.8,35.55,35.55,34.9592,1545430
20200728,2020-07-28,36,37.85,36,37.85,37.221,1193550
20200729,2020-07-29,36.8,37.2,35.8,36.95,36.3359,725660
20200730,2020-07-30,37.5,37.5,36,37.2,36.5818,419920
20200731,2020-07-31,36,37.25,36,36.65,36.0409,479890
20200803,2020-08-03,36.3,37.35,36.3,37.2,36.5818,646640
20200804,2020-08-04,38,38,37.5,37.9,37.2701,494030
20200805,2020-08-05,37.8,39,37.6,38.75,38.106,911970
20200806,2020-08-06,38.65,38.9,38.2,38.25,37.6143,597260
20200807,2020-08-07,38.25,38.6,37.95,38.1,37.4668,532060
20200810,2020-08-10,38.45,38.7,38.1,38.1,37.4668,534820
20200811,2020-08-11,38.35,38.6,38.1,38.5,37.8602,780760
20200812,2020-08-12,38.6,39.35,38.6,39.2,38.5485,963310
20200813,2020-08-13,39.5,39.7,39.3,39.65,38.9911,673490
20200814,2020-08-14,39.35,39.6,38.8,39,38.3519,985710
20200817,2020-08-17,38.7,39,38.45,38.7,38.0568,631010
20200818,2020-08-18,39,39,38.4,38.4,37.7618,663290
20200819,2020-08-19,38.4,38.85,38.4,38.6,37.9585,346360
20200820,2020-08-20,38.6,38.85,38.25,38.25,37.6143,859310
20200821,2020-08-21,38.4,39.25,38.4,38.95,38.3027,1098410
20200824,2020-08-24,39.5,39.9,39.2,39.65,38.9911,940780
20200825,2020-08-25,39.9,40,39.4,39.5,38.8435,886570
20200826,2020-08-26,39.5,39.5,39.3,39.35,38.696,831700
20200827,2020-08-27,39.3,39.4,39,39.1,38.4502,1095260
20200828,2020-08-28,39.5,41,39.3,40.55,39.8761,3032570
20200831,2020-08-31,40.6,41.3,40.55,40.95,40.2694,2006450
20200901,2020-09-01,40.5,41.4,40.4,41.4,40.712,2124220
20200903,2020-09-03,41.5,42.2,41.2,42.2,41.4987,2666170
20200904,2020-09-04,41.3,42.3,41.25,42.1,41.4003,2001840
20200907,2020-09-07,42.2,42.2,40.6,40.6,39.9253,2246440
20200908,2020-09-08,40.8,41,40.05,40.85,40.1711,1261510
20200909,2020-09-09,40.2,40.95,40.1,40.8,40.1219,804160
20200910,2020-09-10,41.1,41.15,40.5,40.5,39.8269,846810
20200911,2020-09-11,40.5,40.65,40.25,40.45,39.7778,773230
20200914,2020-09-14,40.55,40.8,40.45,40.5,39.8269,931340
20200915,2020-09-15,40.7,41.2,40.4,40.75,40.0728,1109810
20200916,2020-09-16,40.9,40.9,40.45,40.55,39.8761,546300
20200917,2020-09-17,40.7,41.1,40.3,40.5,39.8269,1520660
20200918,2020-09-18,40.6,41,40.5,41,40.3186,1401990
20200921,2020-09-21,41.2,41.5,40.7,40.8,40.1219,1006520
20200922,2020-09-22,40.7,40.9,40.45,40.7,40.0236,1160730
20200923,2020-09-23,40.8,41.9,40.8,41.4,40.712,2105880
20200924,2020-09-24,41.2,41.55,40.8,40.9,40.2203,1523780
20200925,2020-09-25,41,41.1,40.55,40.8,40.1219,1334760
20200928,2020-09-28,41.05,41.7,40.8,41.3,40.6136,1952000
20200929,2020-09-29,41.5,41.95,40.6,40.65,39.9744,2022020
20200930,2020-09-30,40.7,40.9,40.5,40.8,40.1219,933550
20201001,2020-10-01,40.8,41.15,40.8,40.95,40.2694,1157830
20201002,2020-10-02,41,41.45,38.5,40.65,39.9744,1758990
20201005,2020-10-05,41,41,40.2,40.4,39.7286,1567920
20201006,2020-10-06,40.55,40.8,40.3,40.45,39.7778,1507790
20201007,2020-10-07,40.4,40.9,40.3,40.45,39.7778,1177720
20201008,2020-10-08,40.6,40.65,39.8,40.4,39.7286,1893390
20201009,2020-10-09,40.3,40.5,40.1,40.35,39.6794,849330
20201012,2020-10-12,41.6,41.95,40.7,40.95,40.2694,3533550
20201013,2020-10-13,41,41.85,40.6,41.25,40.5645,1980740
20201014,2020-10-14,42.9,42.95,41.5,42.9,42.187,6821050
20201015,2020-10-15,43.45,43.45,42.2,42.25,41.5478,2957800
20201016,2020-10-16,42.25,43.2,41.8,42.2,41.4987,2411650
20201019,2020-10-19,42.45,42.45,41.7,41.9,41.2037,2690250
20201020,2020-10-20,41.5,42.5,41.5,42,41.302,1923390
20201021,2020-10-21,42.4,43.5,42.15,42.35,41.6462,3019940
20201022,2020-10-22,42.3,42.95,41.9,42.95,42.2362,1733020
20201023,2020-10-23,43.4,43.4,42.8,42.8,42.0887,1940000
20201026,2020-10-26,42.5,43,41,41,40.3186,3379510
20201027,2020-10-27,41,41.5,40.7,40.7,40.0236,2635960
20201028,2020-10-28,40.5,40.7,39.3,39.3,38.6469,2899500
20201029,2020-10-29,38.8,39.5,38.45,38.65,38.0077,2823190
20201030,2020-10-30,39,39.2,38.15,38.5,37.8602,1678270
20201102,2020-11-02,38.5,39.1,38.5,38.9,38.2535,1084730
20201103,2020-11-03,39,39.5,39,39.4,38.7452,1035230
20201104,2020-11-04,39.4,40.1,39.35,39.75,39.0894,1077740
20201105,2020-11-05,39.75,39.75,39.05,39.05,38.401,1280230
20201106,2020-11-06,39.45,39.45,38.85,39.05,38.401,646660
20201109,2020-11-09,39.45,39.45,39.1,39.25,38.5977,1187610
20201110,2020-11-10,39.85,40,39.4,39.4,38.7452,1361190
20201111,2020-11-11,39.4,39.65,39.15,39.4,38.7452,723840
20201112,2020-11-12,39.5,39.8,39.4,39.6,38.9419,1126040
20201113,2020-11-13,39.7,40.3,39.65,40.3,39.6302,1833350
20201116,2020-11-16,40.35,40.8,39.9,39.9,39.2369,1939610
20201117,2020-11-17,40,40.3,39.75,40.3,39.6302,1455550
20201118,2020-11-18,40.3,40.35,40,40.05,39.3844,1572210
20201119,2020-11-19,40.1,40.8,40.1,40.4,39.7286,1787480
20201120,2020-11-20,40.7,41.25,40.7,41.2,40.5153,2522690
20201123,2020-11-23,41.5,41.5,40.55,41.1,40.417,1315280
20201124,2020-11-24,41.05,41.1,40.4,40.7,40.0236,1958510
20201125,2020-11-25,41,41.45,40.55,41.3,40.6136,2775000
20201126,2020-11-26,41.3,42.6,41,42.6,41.892,4356380
20201127,2020-11-27,42.8,42.85,42.05,42.45,41.7445,2323620
20201130,2020-11-30,42.45,42.5,41.7,41.7,41.007,1708190
20201201,2020-12-01,41.7,41.8,40.8,41.7,41.007,2913470
20201202,2020-12-02,41.75,42,41.4,41.5,40.8103,1833120
20201203,2020-12-03,41.55,41.9,41.4,41.6,40.9086,1836790
20201204,2020-12-04,41.6,42.3,41.5,41.65,40.9578,2563040
20201207,2020-12-07,43,43.2,41.85,43,42.2854,4120830
20201208,2020-12-08,43.3,43.3,42.45,42.7,41.9904,2151740
20201209,2020-12-09,42.9,44,42.75,43.8,43.0721,3679830
20201210,2020-12-10,43.8,44.8,43.7,43.95,43.2196,3830860
20201211,2020-12-11,43.9,45.8,43.6,45.8,45.0388,4566950
20201214,2020-12-14,46.15,46.55,45.85,46.5,45.7272,2935490
20201215,2020-12-15,46.15,47,45.85,46.1,45.3339,3422380
20201216,2020-12-16,47.4,47.45,46.1,47.4,46.6123,3093050
20201217,2020-12-17,46.8,47.6,46.4,46.4,45.6289,3894580
20201218,2020-12-18,47,47.5,46.4,47,46.2189,2432540
20201221,2020-12-21,48,48,46.5,47.45,46.6614,2476240
20201222,2020-12-22,47.45,47.45,46.6,46.85,46.0714,2735230
20201223,2020-12-23,46.6,47.5,46.4,46.6,45.8255,2105620
20201224,2020-12-24,46.6,46.8,43.9,45.5,44.7438,3135180
20201225,2020-12-25,45.5,46.7,45,46.6,45.8255,1562900
20201228,2020-12-28,47.45,48,46.8,47.45,46.6614,3156280
20201229,2020-12-29,47.3,48.65,47.3,48.35,47.5465,3031270
20201230,2020-12-30,48.05,48.8,48,48.05,47.2515,1442160
20201231,2020-12-31,47.25,47.9,47,47.9,47.9,1342380
20210104,2021-01-04,47.75,48.45,47.75,48.25,48.25,1993800
20210105,2021-01-05,47.9,48.1,47.65,47.9,47.9,2155700
20210106,2021-01-06,48.3,50.6,47.55,48.8,48.8,3674500
20210107,2021-01-07,48.8,49.9,48.5,48.9,48.9,1678500
20210108,2021-01-08,49.3,49.3,48.2,48.5,48.5,2034900
20210111,2021-01-11,48.25,48.6,47.9,48.25,48.25,2758800
20210112,2021-01-12,48.25,49,47.9,48.75,48.75,2189300
20210113,2021-01-13,48.8,49.2,48.4,48.45,48.45,1650200
20210114,2021-01-14,48.5,49,48,48.85,48.85,1904800
20210115,2021-01-15,49.3,49.5,48.85,48.85,48.85,2404700
20210118,2021-01-18,48.9,49,48.6,48.65,48.65,1685100
20210119,2021-01-19,48.6,48.6,45.25,45.25,45.25,2701100
20210120,2021-01-20,45.25,46.5,42.5,45.5,45.5,2306500
20210121,2021-01-21,45.6,46.5,45.2,46.5,46.5,1347000
20210122,2021-01-22,46.5,46.55,45.1,45.25,45.25,2211800
20210125,2021-01-25,45,45.2,44.4,44.6,44.6,1371900
20210126,2021-01-26,44.35,44.35,41.8,42.55,42.55,1836800
20210127,2021-01-27,42.55,43.4,40.6,41.3,41.3,2102100
20210128,2021-01-28,39,40,38.45,38.45,38.45,2692000
20210129,2021-01-29,36.5,40.85,36.5,39.9,39.9,2008200
20210201,2021-02-01,39.9,41,38.65,39.1,39.1,1545000
20210202,2021-02-02,38.9,39.95,38.55,39.35,39.35,2497300
20210203,2021-02-03,40.1,41.5,39.7,41.35,41.35,1851900
20210204,2021-02-04,41.4,41.6,40.9,41.5,41.5,1378500
20210205,2021-02-05,41.5,42.1,41.3,41.8,41.8,1279600
20210208,2021-02-08,40.1,42,39.05,40.1,40.1,1874900
20210209,2021-02-09,40.5,41.2,39.7,40.8,40.8,1448500
20210217,2021-02-17,40.85,42.1,40.85,42.1,42.1,1439000
20210218,2021-02-18,42.2,43.5,41.7,43.4,43.4,2339700
20210219,2021-02-19,44.1,44.5,42.85,44.1,44.1,2027200
20210222,2021-02-22,43.75,44.5,43.7,43.75,43.75,1523800